#
# There is insufficient memory for the Java Runtime Environment to continue.
# Native memory allocation (malloc) failed to allocate 1929456 bytes. Error detail: Chunk::new
# Possible reasons:
#   The system is out of physical RAM or swap space
#   This process is running with CompressedOops enabled, and the Java Heap may be blocking the growth of the native heap
# Possible solutions:
#   Reduce memory load on the system
#   Increase physical memory or swap space
#   Check if swap backing store is full
#   Decrease Java heap size (-Xmx/-Xms)
#   Decrease number of Java threads
#   Decrease Java thread stack sizes (-Xss)
#   Set larger code cache with -XX:ReservedCodeCacheSize=
#   JVM is running with Unscaled Compressed Oops mode in which the Java heap is
#     placed in the first 4GB address space. The Java Heap base address is the
#     maximum limit for the native heap growth. Please use -XX:HeapBaseMinAddress
#     to set the Java Heap base and to place the Java Heap above 4GB virtual address.
# This output file may be truncated or incomplete.
#
#  Out of Memory Error (arena.cpp:168), pid=7112, tid=26004
#
# JRE version: OpenJDK Runtime Environment (21.0.10) (build 21.0.10+-14961533-b1163.108)
# Java VM: OpenJDK 64-Bit Server VM (21.0.10+-14961533-b1163.108, mixed mode, tiered, compressed oops, compressed class ptrs, g1 gc, windows-amd64)
# No core dump will be written. Minidumps are not enabled by default on client versions of Windows
#

---------------  S U M M A R Y ------------

Command Line: --add-opens=java.base/java.lang=ALL-UNNAMED --add-opens=java.base/java.lang.invoke=ALL-UNNAMED --add-opens=java.base/java.util=ALL-UNNAMED --add-opens=java.prefs/java.util.prefs=ALL-UNNAMED --add-exports=jdk.compiler/com.sun.tools.javac.api=ALL-UNNAMED --add-exports=jdk.compiler/com.sun.tools.javac.util=ALL-UNNAMED --add-opens=java.base/java.util=ALL-UNNAMED --add-opens=java.prefs/java.util.prefs=ALL-UNNAMED --add-opens=java.base/java.nio.charset=ALL-UNNAMED --add-opens=java.base/java.net=ALL-UNNAMED --add-opens=java.base/java.util.concurrent=ALL-UNNAMED --add-opens=java.base/java.util.concurrent.atomic=ALL-UNNAMED --add-opens=java.xml/javax.xml.namespace=ALL-UNNAMED --add-opens=java.base/java.time=ALL-UNNAMED -Xmx2048m -Dfile.encoding=UTF-8 -Duser.country=RU -Duser.language=ru -Duser.variant -javaagent:C:\Users\ssrry\.gradle\wrapper\dists\gradle-9.1.0-bin\9agqghryom9wkf8r80qlhnts3\gradle-9.1.0\lib\agents\gradle-instrumentation-agent-9.1.0.jar org.gradle.launcher.daemon.bootstrap.GradleDaemon 9.1.0

Host: AMD Ryzen 5 6600H with Radeon Graphics         , 12 cores, 15G,  Windows 10 , 64 bit Build 19041 (10.0.19041.5915)
Time: Mon May 11 22:21:20 2026 elapsed time: 59.432038 seconds (0d 0h 0m 59s)

---------------  T H R E A D  ---------------

Current thread (0x0000020a6e7211b0):  JavaThread "C2 CompilerThread1" daemon [_thread_in_native, id=26004, stack(0x0000004f49200000,0x0000004f49300000) (1024K)]


Current CompileTask:
C2:59432 26589       4       com.android.tools.r8.graph.e6$$Lambda/0x00000001017f74f0::accept (12 bytes)

Stack: [0x0000004f49200000,0x0000004f49300000]
Native frames: (J=compiled Java code, j=interpreted, Vv=VM code, C=native code)
V  [jvm.dll+0x6d78a9]
V  [jvm.dll+0x8665b3]
V  [jvm.dll+0x868bde]
V  [jvm.dll+0x8692c3]
V  [jvm.dll+0x280ee6]
V  [jvm.dll+0xc07cd]
V  [jvm.dll+0xc0d03]
V  [jvm.dll+0x3ba091]
V  [jvm.dll+0x1e0052]
V  [jvm.dll+0x249d24]
V  [jvm.dll+0x2491a1]
V  [jvm.dll+0x1c76e4]
V  [jvm.dll+0x25891e]
V  [jvm.dll+0x256e66]
V  [jvm.dll+0x3f513e]
V  [jvm.dll+0x80fd28]
V  [jvm.dll+0x6d60fd]
C  [ucrtbase.dll+0x21bb2]
C  [KERNEL32.DLL+0x17374]
C  [ntdll.dll+0x4cc91]


---------------  P R O C E S S  ---------------

Threads class SMR info:
_java_thread_list=0x0000020a6d1dfb30, length=220, elements={
0x0000020a3d332720, 0x0000020a54f87580, 0x0000020a54f8b940, 0x0000020a54f8c7a0,
0x0000020a54fb85d0, 0x0000020a54fb9440, 0x0000020a54fb9ea0, 0x0000020a54fc2910,
0x0000020a54fc36a0, 0x0000020a54fc5d60, 0x0000020a553e5650, 0x0000020a553e5ce0,
0x0000020a553e6a00, 0x0000020a553e4930, 0x0000020a553e6370, 0x0000020a553e7720,
0x0000020a5ba44260, 0x0000020a5ba44f80, 0x0000020a5ba47d70, 0x0000020a5ba48a90,
0x0000020a5ba448f0, 0x0000020a5ba43bd0, 0x0000020a5ba42190, 0x0000020a5ba42820,
0x0000020a5ba45610, 0x0000020a5ba45ca0, 0x0000020a5cd9f270, 0x0000020a5cda47c0,
0x0000020a5cd9f900, 0x0000020a5cda2060, 0x0000020a5cda26f0, 0x0000020a5cda0cb0,
0x0000020a5cda4130, 0x0000020a5cda2d80, 0x0000020a5d43ad20, 0x0000020a5d43d480,
0x0000020a5b4d5060, 0x0000020a5b4d6aa0, 0x0000020a5b4d1550, 0x0000020a5b4d4340,
0x0000020a5b4d6410, 0x0000020a5b4d01a0, 0x0000020a5b4d7130, 0x0000020a5b4d56f0,
0x0000020a5b4d77c0, 0x0000020a5b4d2f90, 0x0000020a5b4d3620, 0x0000020a5b4d5d80,
0x0000020a5b4d0830, 0x0000020a5b4d7e50, 0x0000020a5b4d0ec0, 0x0000020a5b4d84e0,
0x0000020a5b4d8b70, 0x0000020a5b4d9200, 0x0000020a5b4d2270, 0x0000020a5b4d2900,
0x0000020a5b4d9890, 0x0000020a5b4da5b0, 0x0000020a5b4dac40, 0x0000020a5b4db2d0,
0x0000020a5b4dbff0, 0x0000020a5b4dede0, 0x0000020a5b4dc680, 0x0000020a5b4dcd10,
0x0000020a5b4de750, 0x0000020a5b4de0c0, 0x0000020a5b4dd3a0, 0x0000020a5b4dda30,
0x0000020a5e57b550, 0x0000020a5e57c270, 0x0000020a5e57c900, 0x0000020a5e57dcb0,
0x0000020a5e580410, 0x0000020a5e57f060, 0x0000020a5e57bbe0, 0x0000020a5e57f6f0,
0x0000020a5e57cf90, 0x0000020a5e57d620, 0x0000020a5e580aa0, 0x0000020a5e57e340,
0x0000020a5e57fd80, 0x0000020a5e581130, 0x0000020a5e5817c0, 0x0000020a5e57a830,
0x0000020a5e5845b0, 0x0000020a5e583f20, 0x0000020a5e5873a0, 0x0000020a5e588de0,
0x0000020a5e582b70, 0x0000020a5e585960, 0x0000020a5e581e50, 0x0000020a5e587a30,
0x0000020a5e588750, 0x0000020a5e584c40, 0x0000020a5e589b00, 0x0000020a5e583200,
0x0000020a5e5852d0, 0x0000020a5df86bc0, 0x0000020a5df8c7a0, 0x0000020a5df87250,
0x0000020a5df88c90, 0x0000020a5df8c110, 0x0000020a5df87f70, 0x0000020a5df89320,
0x0000020a5df85810, 0x0000020a5df8ad60, 0x0000020a5df8b3f0, 0x0000020a5df8ce30,
0x0000020a5df85ea0, 0x0000020a5df86530, 0x0000020a5ad36480, 0x0000020a5ad36b10,
0x0000020a5ad35df0, 0x0000020a5ad371a0, 0x0000020a5ad30f30, 0x0000020a5cda1340,
0x0000020a5cda54e0, 0x0000020a5cda5b70, 0x0000020a5cda6200, 0x0000020a5ba46330,
0x0000020a5ba42eb0, 0x0000020a5ba43540, 0x0000020a5ba476e0, 0x0000020a5ba41b00,
0x0000020a5ba48400, 0x0000020a553e7090, 0x0000020a553e7db0, 0x0000020a61002710,
0x0000020a61004e70, 0x0000020a61002da0, 0x0000020a610047e0, 0x0000020a610082f0,
0x0000020a610075d0, 0x0000020a61006220, 0x0000020a61005500, 0x0000020a61005b90,
0x0000020a61009010, 0x0000020a61007c60, 0x0000020a61002080, 0x0000020a610068b0,
0x0000020a61003430, 0x0000020a6100a3c0, 0x0000020a61008980, 0x0000020a61009d30,
0x0000020a6100aa50, 0x0000020a61003ac0, 0x0000020a6100be00, 0x0000020a61010cc0,
0x0000020a6100e560, 0x0000020a6100ebf0, 0x0000020a6100b770, 0x0000020a6100d1b0,
0x0000020a6100b0e0, 0x0000020a6100f280, 0x0000020a66c1ad40, 0x0000020a66c25150,
0x0000020a66c257e0, 0x0000020a66c27220, 0x0000020a66c285d0, 0x0000020a66c292f0,
0x0000020a66c23080, 0x0000020a66c278b0, 0x0000020a66c23710, 0x0000020a66c27f40,
0x0000020a66c229f0, 0x0000020a66c23da0, 0x0000020a66c20290, 0x0000020a66c1f570,
0x0000020a66c1e850, 0x0000020a66c20920, 0x0000020a66c1a6b0, 0x0000020a66c1eee0,
0x0000020a66c1d4a0, 0x0000020a66c21640, 0x0000020a66c22360, 0x0000020a66c1b3d0,
0x0000020a66c1c780, 0x0000020a66c21cd0, 0x0000020a66c1c0f0, 0x0000020a66c1ba60,
0x0000020a66c24430, 0x0000020a66c24ac0, 0x0000020a66c1db30, 0x0000020a66c1e1c0,
0x0000020a66c1fc00, 0x0000020a66c25e70, 0x0000020a66c26500, 0x0000020a66ccb940,
0x0000020a66ccbfd0, 0x0000020a66ccedc0, 0x0000020a66cd0800, 0x0000020a66ccc660,
0x0000020a66ccccf0, 0x0000020a6100cb20, 0x0000020a61011350, 0x0000020a6100d840,
0x0000020a6100ded0, 0x0000020a6100ffa0, 0x0000020a66cd0e90, 0x0000020a66ccd380,
0x0000020a66cce0a0, 0x0000020a66ccf450, 0x0000020a66cce730, 0x0000020a66cd0170,
0x0000020a66ccac20, 0x0000020a66cc9f00, 0x0000020a66cd1520, 0x0000020a66cca590,
0x0000020a66cd28d0, 0x0000020a66cd6a70, 0x0000020a6c259200, 0x0000020a6d818810,
0x0000020a6d818ea0, 0x0000020a6d819530, 0x0000020a6e7211b0, 0x0000020a669afce0,
0x0000020a66c99f90, 0x0000020a60f54220, 0x0000020a6c19e590, 0x0000020a676fc060
}

Java Threads: ( => current thread )
  0x0000020a3d332720 JavaThread "main"                              [_thread_blocked, id=24952, stack(0x0000004f3c200000,0x0000004f3c300000) (1024K)]
  0x0000020a54f87580 JavaThread "Common-Cleaner"             daemon [_thread_blocked, id=23852, stack(0x0000004f3ca00000,0x0000004f3cb00000) (1024K)]
  0x0000020a54f8b940 JavaThread "Reference Handler"          daemon [_thread_blocked, id=11092, stack(0x0000004f3cb00000,0x0000004f3cc00000) (1024K)]
  0x0000020a54f8c7a0 JavaThread "Finalizer"                  daemon [_thread_blocked, id=10732, stack(0x0000004f3cc00000,0x0000004f3cd00000) (1024K)]
  0x0000020a54fb85d0 JavaThread "Signal Dispatcher"          daemon [_thread_blocked, id=10836, stack(0x0000004f3cd00000,0x0000004f3ce00000) (1024K)]
  0x0000020a54fb9440 JavaThread "Attach Listener"            daemon [_thread_blocked, id=10860, stack(0x0000004f3ce00000,0x0000004f3cf00000) (1024K)]
  0x0000020a54fb9ea0 JavaThread "Service Thread"             daemon [_thread_blocked, id=10864, stack(0x0000004f3cf00000,0x0000004f3d000000) (1024K)]
  0x0000020a54fc2910 JavaThread "Monitor Deflation Thread"   daemon [_thread_blocked, id=10804, stack(0x0000004f3d000000,0x0000004f3d100000) (1024K)]
  0x0000020a54fc36a0 JavaThread "C2 CompilerThread0"         daemon [_thread_in_native, id=10868, stack(0x0000004f3d100000,0x0000004f3d200000) (1024K)]
  0x0000020a54fc5d60 JavaThread "C1 CompilerThread0"         daemon [_thread_blocked, id=10812, stack(0x0000004f3d200000,0x0000004f3d300000) (1024K)]
  0x0000020a553e5650 JavaThread "Notification Thread"        daemon [_thread_blocked, id=9388, stack(0x0000004f3d300000,0x0000004f3d400000) (1024K)]
  0x0000020a553e5ce0 JavaThread "Daemon health stats"               [_thread_blocked, id=23216, stack(0x0000004f3da00000,0x0000004f3db00000) (1024K)]
  0x0000020a553e6a00 JavaThread "Incoming local TCP Connector on port 62940"        [_thread_in_native, id=23572, stack(0x0000004f3db00000,0x0000004f3dc00000) (1024K)]
  0x0000020a553e4930 JavaThread "Daemon periodic checks"            [_thread_blocked, id=9072, stack(0x0000004f3dc00000,0x0000004f3dd00000) (1024K)]
  0x0000020a553e6370 JavaThread "Daemon"                            [_thread_blocked, id=11288, stack(0x0000004f3dd00000,0x0000004f3de00000) (1024K)]
  0x0000020a553e7720 JavaThread "Daemon worker"                     [_thread_blocked, id=8744, stack(0x0000004f3e700000,0x0000004f3e800000) (1024K)]
  0x0000020a5ba44260 JavaThread "Cache worker for journal cache (C:\Users\ssrry\.gradle\caches\journal-1)"        [_thread_blocked, id=12752, stack(0x0000004f3eb00000,0x0000004f3ec00000) (1024K)]
  0x0000020a5ba44f80 JavaThread "File lock request listener"        [_thread_in_native, id=13476, stack(0x0000004f3ec00000,0x0000004f3ed00000) (1024K)]
  0x0000020a5ba47d70 JavaThread "Cache worker for file hash cache (C:\Users\ssrry\.gradle\caches\9.1.0\fileHashes)"        [_thread_blocked, id=23732, stack(0x0000004f3ed00000,0x0000004f3ee00000) (1024K)]
  0x0000020a5ba48a90 JavaThread "File watcher server"        daemon [_thread_in_native, id=24900, stack(0x0000004f3f000000,0x0000004f3f100000) (1024K)]
  0x0000020a5ba448f0 JavaThread "File watcher consumer"      daemon [_thread_blocked, id=23112, stack(0x0000004f3f100000,0x0000004f3f200000) (1024K)]
  0x0000020a5ba43bd0 JavaThread "jar transforms"                    [_thread_blocked, id=10576, stack(0x0000004f3f200000,0x0000004f3f300000) (1024K)]
  0x0000020a5ba42190 JavaThread "jar transforms Thread 2"           [_thread_blocked, id=10404, stack(0x0000004f3f300000,0x0000004f3f400000) (1024K)]
  0x0000020a5ba42820 JavaThread "jar transforms Thread 3"           [_thread_blocked, id=25084, stack(0x0000004f3f400000,0x0000004f3f500000) (1024K)]
  0x0000020a5ba45610 JavaThread "jar transforms Thread 4"           [_thread_blocked, id=21992, stack(0x0000004f3f500000,0x0000004f3f600000) (1024K)]
  0x0000020a5ba45ca0 JavaThread "jar transforms Thread 5"           [_thread_blocked, id=16576, stack(0x0000004f3f600000,0x0000004f3f700000) (1024K)]
  0x0000020a5cd9f270 JavaThread "jar transforms Thread 6"           [_thread_blocked, id=8228, stack(0x0000004f3f700000,0x0000004f3f800000) (1024K)]
  0x0000020a5cda47c0 JavaThread "jar transforms Thread 7"           [_thread_blocked, id=21692, stack(0x0000004f3f800000,0x0000004f3f900000) (1024K)]
  0x0000020a5cd9f900 JavaThread "jar transforms Thread 8"           [_thread_blocked, id=4900, stack(0x0000004f3f900000,0x0000004f3fa00000) (1024K)]
  0x0000020a5cda2060 JavaThread "jar transforms Thread 9"           [_thread_blocked, id=22444, stack(0x0000004f3fa00000,0x0000004f3fb00000) (1024K)]
  0x0000020a5cda26f0 JavaThread "jar transforms Thread 10"          [_thread_blocked, id=25568, stack(0x0000004f3fb00000,0x0000004f3fc00000) (1024K)]
  0x0000020a5cda0cb0 JavaThread "jar transforms Thread 11"          [_thread_blocked, id=18580, stack(0x0000004f3fc00000,0x0000004f3fd00000) (1024K)]
  0x0000020a5cda4130 JavaThread "jar transforms Thread 12"          [_thread_blocked, id=8028, stack(0x0000004f3fd00000,0x0000004f3fe00000) (1024K)]
  0x0000020a5cda2d80 JavaThread "Cache worker for file content cache (C:\Users\ssrry\.gradle\caches\9.1.0\fileContent)"        [_thread_blocked, id=25044, stack(0x0000004f3ff00000,0x0000004f40000000) (1024K)]
  0x0000020a5d43ad20 JavaThread "Memory manager"                    [_thread_blocked, id=22124, stack(0x0000004f43c00000,0x0000004f43d00000) (1024K)]
  0x0000020a5d43d480 JavaThread "included builds"                   [_thread_blocked, id=20644, stack(0x0000004f43d00000,0x0000004f43e00000) (1024K)]
  0x0000020a5b4d5060 JavaThread "VFS cleanup"                       [_thread_blocked, id=13328, stack(0x0000004f3d400000,0x0000004f3d500000) (1024K)]
  0x0000020a5b4d6aa0 JavaThread "Handler for socket connection from /127.0.0.1:62940 to /127.0.0.1:63010"        [_thread_in_native, id=17884, stack(0x0000004f3d900000,0x0000004f3da00000) (1024K)]
  0x0000020a5b4d1550 JavaThread "Cancel handler"                    [_thread_blocked, id=16752, stack(0x0000004f3de00000,0x0000004f3df00000) (1024K)]
  0x0000020a5b4d4340 JavaThread "Asynchronous log dispatcher for DefaultDaemonConnection: socket connection from /127.0.0.1:62940 to /127.0.0.1:63010"        [_thread_blocked, id=3476, stack(0x0000004f3e600000,0x0000004f3e700000) (1024K)]
  0x0000020a5b4d6410 JavaThread "Stdin handler"                     [_thread_blocked, id=12836, stack(0x0000004f3e800000,0x0000004f3e900000) (1024K)]
  0x0000020a5b4d01a0 JavaThread "Daemon client event forwarder"        [_thread_blocked, id=9128, stack(0x0000004f3e900000,0x0000004f3ea00000) (1024K)]
  0x0000020a5b4d7130 JavaThread "Cache worker for file hash cache (C:\Users\ssrry\Desktop\android\Lab5Android\LR5\.gradle\9.1.0\fileHashes)"        [_thread_blocked, id=6164, stack(0x0000004f3ea00000,0x0000004f3eb00000) (1024K)]
  0x0000020a5b4d56f0 JavaThread "Cache worker for Build Output Cleanup Cache (C:\Users\ssrry\Desktop\android\Lab5Android\LR5\.gradle\buildOutputCleanup)"        [_thread_blocked, id=18512, stack(0x0000004f3ee00000,0x0000004f3ef00000) (1024K)]
  0x0000020a5b4d77c0 JavaThread "Cache worker for checksums cache (C:\Users\ssrry\Desktop\android\Lab5Android\LR5\.gradle\9.1.0\checksums)"        [_thread_blocked, id=6496, stack(0x0000004f3ef00000,0x0000004f3f000000) (1024K)]
  0x0000020a5b4d2f90 JavaThread "Cache worker for cache directory md-supplier (C:\Users\ssrry\.gradle\caches\9.1.0\md-supplier)"        [_thread_blocked, id=11260, stack(0x0000004f3fe00000,0x0000004f3ff00000) (1024K)]
  0x0000020a5b4d3620 JavaThread "Cache worker for cache directory md-rule (C:\Users\ssrry\.gradle\caches\9.1.0\md-rule)"        [_thread_blocked, id=24528, stack(0x0000004f40000000,0x0000004f40100000) (1024K)]
  0x0000020a5b4d5d80 JavaThread "Unconstrained build operations"        [_thread_blocked, id=24284, stack(0x0000004f40100000,0x0000004f40200000) (1024K)]
  0x0000020a5b4d0830 JavaThread "Unconstrained build operations Thread 2"        [_thread_blocked, id=18868, stack(0x0000004f40200000,0x0000004f40300000) (1024K)]
  0x0000020a5b4d7e50 JavaThread "Unconstrained build operations Thread 3"        [_thread_blocked, id=12376, stack(0x0000004f40300000,0x0000004f40400000) (1024K)]
  0x0000020a5b4d0ec0 JavaThread "Unconstrained build operations Thread 4"        [_thread_blocked, id=12744, stack(0x0000004f40400000,0x0000004f40500000) (1024K)]
  0x0000020a5b4d84e0 JavaThread "Unconstrained build operations Thread 5"        [_thread_blocked, id=3552, stack(0x0000004f40500000,0x0000004f40600000) (1024K)]
  0x0000020a5b4d8b70 JavaThread "Unconstrained build operations Thread 6"        [_thread_blocked, id=13008, stack(0x0000004f40600000,0x0000004f40700000) (1024K)]
  0x0000020a5b4d9200 JavaThread "Unconstrained build operations Thread 7"        [_thread_blocked, id=3028, stack(0x0000004f40700000,0x0000004f40800000) (1024K)]
  0x0000020a5b4d2270 JavaThread "Unconstrained build operations Thread 8"        [_thread_blocked, id=7160, stack(0x0000004f40800000,0x0000004f40900000) (1024K)]
  0x0000020a5b4d2900 JavaThread "Unconstrained build operations Thread 9"        [_thread_blocked, id=25320, stack(0x0000004f40900000,0x0000004f40a00000) (1024K)]
  0x0000020a5b4d9890 JavaThread "Unconstrained build operations Thread 10"        [_thread_blocked, id=23164, stack(0x0000004f40a00000,0x0000004f40b00000) (1024K)]
  0x0000020a5b4da5b0 JavaThread "Unconstrained build operations Thread 11"        [_thread_blocked, id=21500, stack(0x0000004f40c00000,0x0000004f40d00000) (1024K)]
  0x0000020a5b4dac40 JavaThread "Unconstrained build operations Thread 12"        [_thread_blocked, id=22420, stack(0x0000004f40d00000,0x0000004f40e00000) (1024K)]
  0x0000020a5b4db2d0 JavaThread "Unconstrained build operations Thread 13"        [_thread_blocked, id=17920, stack(0x0000004f40e00000,0x0000004f40f00000) (1024K)]
  0x0000020a5b4dbff0 JavaThread "Unconstrained build operations Thread 14"        [_thread_blocked, id=21060, stack(0x0000004f40f00000,0x0000004f41000000) (1024K)]
  0x0000020a5b4dede0 JavaThread "Unconstrained build operations Thread 15"        [_thread_blocked, id=10856, stack(0x0000004f41000000,0x0000004f41100000) (1024K)]
  0x0000020a5b4dc680 JavaThread "Unconstrained build operations Thread 16"        [_thread_blocked, id=3640, stack(0x0000004f41100000,0x0000004f41200000) (1024K)]
  0x0000020a5b4dcd10 JavaThread "Unconstrained build operations Thread 17"        [_thread_blocked, id=20464, stack(0x0000004f41200000,0x0000004f41300000) (1024K)]
  0x0000020a5b4de750 JavaThread "Unconstrained build operations Thread 18"        [_thread_blocked, id=6632, stack(0x0000004f41300000,0x0000004f41400000) (1024K)]
  0x0000020a5b4de0c0 JavaThread "Unconstrained build operations Thread 19"        [_thread_blocked, id=19508, stack(0x0000004f41400000,0x0000004f41500000) (1024K)]
  0x0000020a5b4dd3a0 JavaThread "Unconstrained build operations Thread 20"        [_thread_blocked, id=17900, stack(0x0000004f41500000,0x0000004f41600000) (1024K)]
  0x0000020a5b4dda30 JavaThread "Unconstrained build operations Thread 21"        [_thread_blocked, id=24476, stack(0x0000004f41700000,0x0000004f41800000) (1024K)]
  0x0000020a5e57b550 JavaThread "Unconstrained build operations Thread 22"        [_thread_blocked, id=5044, stack(0x0000004f41800000,0x0000004f41900000) (1024K)]
  0x0000020a5e57c270 JavaThread "Unconstrained build operations Thread 23"        [_thread_blocked, id=9956, stack(0x0000004f41900000,0x0000004f41a00000) (1024K)]
  0x0000020a5e57c900 JavaThread "Unconstrained build operations Thread 24"        [_thread_blocked, id=19076, stack(0x0000004f41a00000,0x0000004f41b00000) (1024K)]
  0x0000020a5e57dcb0 JavaThread "Unconstrained build operations Thread 25"        [_thread_blocked, id=11448, stack(0x0000004f41b00000,0x0000004f41c00000) (1024K)]
  0x0000020a5e580410 JavaThread "Unconstrained build operations Thread 26"        [_thread_blocked, id=24264, stack(0x0000004f41c00000,0x0000004f41d00000) (1024K)]
  0x0000020a5e57f060 JavaThread "Unconstrained build operations Thread 27"        [_thread_blocked, id=8376, stack(0x0000004f41d00000,0x0000004f41e00000) (1024K)]
  0x0000020a5e57bbe0 JavaThread "Unconstrained build operations Thread 28"        [_thread_blocked, id=7560, stack(0x0000004f41e00000,0x0000004f41f00000) (1024K)]
  0x0000020a5e57f6f0 JavaThread "Unconstrained build operations Thread 29"        [_thread_blocked, id=16668, stack(0x0000004f41f00000,0x0000004f42000000) (1024K)]
  0x0000020a5e57cf90 JavaThread "Unconstrained build operations Thread 30"        [_thread_blocked, id=22520, stack(0x0000004f42000000,0x0000004f42100000) (1024K)]
  0x0000020a5e57d620 JavaThread "Unconstrained build operations Thread 31"        [_thread_blocked, id=10004, stack(0x0000004f42100000,0x0000004f42200000) (1024K)]
  0x0000020a5e580aa0 JavaThread "Unconstrained build operations Thread 32"        [_thread_blocked, id=9868, stack(0x0000004f42200000,0x0000004f42300000) (1024K)]
  0x0000020a5e57e340 JavaThread "Unconstrained build operations Thread 33"        [_thread_blocked, id=19948, stack(0x0000004f42300000,0x0000004f42400000) (1024K)]
  0x0000020a5e57fd80 JavaThread "Unconstrained build operations Thread 34"        [_thread_blocked, id=864, stack(0x0000004f42400000,0x0000004f42500000) (1024K)]
  0x0000020a5e581130 JavaThread "Unconstrained build operations Thread 35"        [_thread_blocked, id=3356, stack(0x0000004f42500000,0x0000004f42600000) (1024K)]
  0x0000020a5e5817c0 JavaThread "Unconstrained build operations Thread 36"        [_thread_blocked, id=25144, stack(0x0000004f42600000,0x0000004f42700000) (1024K)]
  0x0000020a5e57a830 JavaThread "Unconstrained build operations Thread 37"        [_thread_blocked, id=6740, stack(0x0000004f42700000,0x0000004f42800000) (1024K)]
  0x0000020a5e5845b0 JavaThread "Unconstrained build operations Thread 38"        [_thread_blocked, id=24876, stack(0x0000004f42800000,0x0000004f42900000) (1024K)]
  0x0000020a5e583f20 JavaThread "Unconstrained build operations Thread 39"        [_thread_blocked, id=9832, stack(0x0000004f42900000,0x0000004f42a00000) (1024K)]
  0x0000020a5e5873a0 JavaThread "Unconstrained build operations Thread 40"        [_thread_blocked, id=7968, stack(0x0000004f42a00000,0x0000004f42b00000) (1024K)]
  0x0000020a5e588de0 JavaThread "Unconstrained build operations Thread 41"        [_thread_blocked, id=7696, stack(0x0000004f42b00000,0x0000004f42c00000) (1024K)]
  0x0000020a5e582b70 JavaThread "Unconstrained build operations Thread 42"        [_thread_blocked, id=22260, stack(0x0000004f42c00000,0x0000004f42d00000) (1024K)]
  0x0000020a5e585960 JavaThread "build event listener"              [_thread_blocked, id=24068, stack(0x0000004f42d00000,0x0000004f42e00000) (1024K)]
  0x0000020a5e581e50 JavaThread "build event listener"              [_thread_blocked, id=616, stack(0x0000004f42e00000,0x0000004f42f00000) (1024K)]
  0x0000020a5e587a30 JavaThread "included builds"                   [_thread_blocked, id=20708, stack(0x0000004f42f00000,0x0000004f43000000) (1024K)]
  0x0000020a5e588750 JavaThread "Execution worker"                  [_thread_blocked, id=24860, stack(0x0000004f43000000,0x0000004f43100000) (1024K)]
  0x0000020a5e584c40 JavaThread "Execution worker Thread 2"         [_thread_blocked, id=25120, stack(0x0000004f43100000,0x0000004f43200000) (1024K)]
  0x0000020a5e589b00 JavaThread "Execution worker Thread 3"         [_thread_blocked, id=22924, stack(0x0000004f43200000,0x0000004f43300000) (1024K)]
  0x0000020a5e583200 JavaThread "Execution worker Thread 4"         [_thread_blocked, id=20312, stack(0x0000004f43300000,0x0000004f43400000) (1024K)]
  0x0000020a5e5852d0 JavaThread "Execution worker Thread 5"         [_thread_blocked, id=6648, stack(0x0000004f43400000,0x0000004f43500000) (1024K)]
  0x0000020a5df86bc0 JavaThread "Execution worker Thread 6"         [_thread_blocked, id=1568, stack(0x0000004f43500000,0x0000004f43600000) (1024K)]
  0x0000020a5df8c7a0 JavaThread "Execution worker Thread 7"         [_thread_blocked, id=9636, stack(0x0000004f43600000,0x0000004f43700000) (1024K)]
  0x0000020a5df87250 JavaThread "Execution worker Thread 8"         [_thread_blocked, id=9804, stack(0x0000004f43700000,0x0000004f43800000) (1024K)]
  0x0000020a5df88c90 JavaThread "Execution worker Thread 9"         [_thread_blocked, id=9036, stack(0x0000004f43800000,0x0000004f43900000) (1024K)]
  0x0000020a5df8c110 JavaThread "Execution worker Thread 10"        [_thread_blocked, id=18160, stack(0x0000004f43900000,0x0000004f43a00000) (1024K)]
  0x0000020a5df87f70 JavaThread "Execution worker Thread 11"        [_thread_blocked, id=20868, stack(0x0000004f43a00000,0x0000004f43b00000) (1024K)]
  0x0000020a5df89320 JavaThread "Cache worker for execution history cache (C:\Users\ssrry\Desktop\android\Lab5Android\LR5\.gradle\9.1.0\executionHistory)"        [_thread_blocked, id=2624, stack(0x0000004f43b00000,0x0000004f43c00000) (1024K)]
  0x0000020a5df85810 JavaThread "Unconstrained build operations Thread 43"        [_thread_blocked, id=8608, stack(0x0000004f41600000,0x0000004f41700000) (1024K)]
  0x0000020a5df8ad60 JavaThread "Unconstrained build operations Thread 44"        [_thread_blocked, id=11940, stack(0x0000004f43e00000,0x0000004f43f00000) (1024K)]
  0x0000020a5df8b3f0 JavaThread "Unconstrained build operations Thread 45"        [_thread_blocked, id=604, stack(0x0000004f43f00000,0x0000004f44000000) (1024K)]
  0x0000020a5df8ce30 JavaThread "Unconstrained build operations Thread 46"        [_thread_blocked, id=21216, stack(0x0000004f44000000,0x0000004f44100000) (1024K)]
  0x0000020a5df85ea0 JavaThread "Unconstrained build operations Thread 47"        [_thread_blocked, id=3380, stack(0x0000004f44100000,0x0000004f44200000) (1024K)]
  0x0000020a5df86530 JavaThread "Unconstrained build operations Thread 48"        [_thread_blocked, id=1772, stack(0x0000004f44200000,0x0000004f44300000) (1024K)]
  0x0000020a5ad36480 JavaThread "Unconstrained build operations Thread 49"        [_thread_blocked, id=2212, stack(0x0000004f44300000,0x0000004f44400000) (1024K)]
  0x0000020a5ad36b10 JavaThread "Unconstrained build operations Thread 50"        [_thread_blocked, id=22396, stack(0x0000004f44400000,0x0000004f44500000) (1024K)]
  0x0000020a5ad35df0 JavaThread "Unconstrained build operations Thread 51"        [_thread_blocked, id=24700, stack(0x0000004f44500000,0x0000004f44600000) (1024K)]
  0x0000020a5ad371a0 JavaThread "Unconstrained build operations Thread 52"        [_thread_blocked, id=11136, stack(0x0000004f44600000,0x0000004f44700000) (1024K)]
  0x0000020a5ad30f30 JavaThread "Unconstrained build operations Thread 53"        [_thread_blocked, id=692, stack(0x0000004f44700000,0x0000004f44800000) (1024K)]
  0x0000020a5cda1340 JavaThread "Unconstrained build operations Thread 54"        [_thread_blocked, id=24636, stack(0x0000004f44900000,0x0000004f44a00000) (1024K)]
  0x0000020a5cda54e0 JavaThread "WorkerExecutor Queue"              [_thread_blocked, id=9784, stack(0x0000004f44a00000,0x0000004f44b00000) (1024K)]
  0x0000020a5cda5b70 JavaThread "WorkerExecutor Queue Thread 2"        [_thread_blocked, id=6184, stack(0x0000004f44b00000,0x0000004f44c00000) (1024K)]
  0x0000020a5cda6200 JavaThread "Unconstrained build operations Thread 55"        [_thread_blocked, id=19944, stack(0x0000004f44c00000,0x0000004f44d00000) (1024K)]
  0x0000020a5ba46330 JavaThread "Unconstrained build operations Thread 56"        [_thread_blocked, id=23744, stack(0x0000004f44d00000,0x0000004f44e00000) (1024K)]
  0x0000020a5ba42eb0 JavaThread "Unconstrained build operations Thread 57"        [_thread_blocked, id=24080, stack(0x0000004f44e00000,0x0000004f44f00000) (1024K)]
  0x0000020a5ba43540 JavaThread "Unconstrained build operations Thread 58"        [_thread_blocked, id=1052, stack(0x0000004f44f00000,0x0000004f45000000) (1024K)]
  0x0000020a5ba476e0 JavaThread "Unconstrained build operations Thread 59"        [_thread_blocked, id=7860, stack(0x0000004f45000000,0x0000004f45100000) (1024K)]
  0x0000020a5ba41b00 JavaThread "Unconstrained build operations Thread 60"        [_thread_blocked, id=17248, stack(0x0000004f45100000,0x0000004f45200000) (1024K)]
  0x0000020a5ba48400 JavaThread "Unconstrained build operations Thread 61"        [_thread_blocked, id=15460, stack(0x0000004f45200000,0x0000004f45300000) (1024K)]
  0x0000020a553e7090 JavaThread "Unconstrained build operations Thread 62"        [_thread_blocked, id=9776, stack(0x0000004f45300000,0x0000004f45400000) (1024K)]
  0x0000020a553e7db0 JavaThread "Unconstrained build operations Thread 63"        [_thread_blocked, id=24736, stack(0x0000004f45400000,0x0000004f45500000) (1024K)]
  0x0000020a61002710 JavaThread "Unconstrained build operations Thread 64"        [_thread_blocked, id=868, stack(0x0000004f45500000,0x0000004f45600000) (1024K)]
  0x0000020a61004e70 JavaThread "Unconstrained build operations Thread 65"        [_thread_blocked, id=24840, stack(0x0000004f45600000,0x0000004f45700000) (1024K)]
  0x0000020a61002da0 JavaThread "WorkerExecutor Queue Thread 3"        [_thread_blocked, id=24656, stack(0x0000004f45700000,0x0000004f45800000) (1024K)]
  0x0000020a610047e0 JavaThread "Unconstrained build operations Thread 66"        [_thread_blocked, id=23916, stack(0x0000004f45800000,0x0000004f45900000) (1024K)]
  0x0000020a610082f0 JavaThread "Unconstrained build operations Thread 67"        [_thread_blocked, id=23100, stack(0x0000004f45900000,0x0000004f45a00000) (1024K)]
  0x0000020a610075d0 JavaThread "Unconstrained build operations Thread 68"        [_thread_blocked, id=11380, stack(0x0000004f45a00000,0x0000004f45b00000) (1024K)]
  0x0000020a61006220 JavaThread "Unconstrained build operations Thread 69"        [_thread_blocked, id=25404, stack(0x0000004f45b00000,0x0000004f45c00000) (1024K)]
  0x0000020a61005500 JavaThread "Unconstrained build operations Thread 70"        [_thread_blocked, id=7324, stack(0x0000004f45c00000,0x0000004f45d00000) (1024K)]
  0x0000020a61005b90 JavaThread "Unconstrained build operations Thread 71"        [_thread_blocked, id=22156, stack(0x0000004f45d00000,0x0000004f45e00000) (1024K)]
  0x0000020a61009010 JavaThread "Unconstrained build operations Thread 72"        [_thread_blocked, id=20696, stack(0x0000004f45e00000,0x0000004f45f00000) (1024K)]
  0x0000020a61007c60 JavaThread "Unconstrained build operations Thread 73"        [_thread_blocked, id=3348, stack(0x0000004f45f00000,0x0000004f46000000) (1024K)]
  0x0000020a61002080 JavaThread "Unconstrained build operations Thread 74"        [_thread_blocked, id=25324, stack(0x0000004f46000000,0x0000004f46100000) (1024K)]
  0x0000020a610068b0 JavaThread "Unconstrained build operations Thread 75"        [_thread_blocked, id=16628, stack(0x0000004f46100000,0x0000004f46200000) (1024K)]
  0x0000020a61003430 JavaThread "Unconstrained build operations Thread 76"        [_thread_blocked, id=23344, stack(0x0000004f46200000,0x0000004f46300000) (1024K)]
  0x0000020a6100a3c0 JavaThread "WorkerExecutor Queue Thread 4"        [_thread_blocked, id=15768, stack(0x0000004f46300000,0x0000004f46400000) (1024K)]
  0x0000020a61008980 JavaThread "WorkerExecutor Queue Thread 5"        [_thread_blocked, id=24388, stack(0x0000004f46400000,0x0000004f46500000) (1024K)]
  0x0000020a61009d30 JavaThread "Unconstrained build operations Thread 77"        [_thread_blocked, id=24228, stack(0x0000004f46500000,0x0000004f46600000) (1024K)]
  0x0000020a6100aa50 JavaThread "Unconstrained build operations Thread 78"        [_thread_blocked, id=9520, stack(0x0000004f46600000,0x0000004f46700000) (1024K)]
  0x0000020a61003ac0 JavaThread "Unconstrained build operations Thread 79"        [_thread_blocked, id=16216, stack(0x0000004f46700000,0x0000004f46800000) (1024K)]
  0x0000020a6100be00 JavaThread "Unconstrained build operations Thread 80"        [_thread_blocked, id=12152, stack(0x0000004f46800000,0x0000004f46900000) (1024K)]
  0x0000020a61010cc0 JavaThread "Unconstrained build operations Thread 81"        [_thread_blocked, id=10604, stack(0x0000004f46900000,0x0000004f46a00000) (1024K)]
  0x0000020a6100e560 JavaThread "Unconstrained build operations Thread 82"        [_thread_blocked, id=748, stack(0x0000004f46a00000,0x0000004f46b00000) (1024K)]
  0x0000020a6100ebf0 JavaThread "Unconstrained build operations Thread 83"        [_thread_blocked, id=11272, stack(0x0000004f46b00000,0x0000004f46c00000) (1024K)]
  0x0000020a6100b770 JavaThread "Unconstrained build operations Thread 84"        [_thread_blocked, id=6480, stack(0x0000004f46c00000,0x0000004f46d00000) (1024K)]
  0x0000020a6100d1b0 JavaThread "Unconstrained build operations Thread 85"        [_thread_blocked, id=18492, stack(0x0000004f46d00000,0x0000004f46e00000) (1024K)]
  0x0000020a6100b0e0 JavaThread "Unconstrained build operations Thread 86"        [_thread_blocked, id=25312, stack(0x0000004f46e00000,0x0000004f46f00000) (1024K)]
  0x0000020a6100f280 JavaThread "Unconstrained build operations Thread 87"        [_thread_blocked, id=8444, stack(0x0000004f47000000,0x0000004f47100000) (1024K)]
  0x0000020a66c1ad40 JavaThread "WorkerExecutor Queue Thread 6"        [_thread_blocked, id=25012, stack(0x0000004f47100000,0x0000004f47200000) (1024K)]
  0x0000020a66c25150 JavaThread "Unconstrained build operations Thread 88"        [_thread_blocked, id=6876, stack(0x0000004f47200000,0x0000004f47300000) (1024K)]
  0x0000020a66c257e0 JavaThread "Unconstrained build operations Thread 89"        [_thread_blocked, id=13596, stack(0x0000004f47300000,0x0000004f47400000) (1024K)]
  0x0000020a66c27220 JavaThread "Unconstrained build operations Thread 90"        [_thread_blocked, id=20836, stack(0x0000004f47400000,0x0000004f47500000) (1024K)]
  0x0000020a66c285d0 JavaThread "Unconstrained build operations Thread 91"        [_thread_blocked, id=4184, stack(0x0000004f47500000,0x0000004f47600000) (1024K)]
  0x0000020a66c292f0 JavaThread "Unconstrained build operations Thread 92"        [_thread_blocked, id=17912, stack(0x0000004f47600000,0x0000004f47700000) (1024K)]
  0x0000020a66c23080 JavaThread "Unconstrained build operations Thread 93"        [_thread_blocked, id=24712, stack(0x0000004f47700000,0x0000004f47800000) (1024K)]
  0x0000020a66c278b0 JavaThread "Unconstrained build operations Thread 94"        [_thread_blocked, id=3524, stack(0x0000004f47800000,0x0000004f47900000) (1024K)]
  0x0000020a66c23710 JavaThread "Unconstrained build operations Thread 95"        [_thread_blocked, id=23244, stack(0x0000004f47900000,0x0000004f47a00000) (1024K)]
  0x0000020a66c27f40 JavaThread "Unconstrained build operations Thread 96"        [_thread_blocked, id=18620, stack(0x0000004f47a00000,0x0000004f47b00000) (1024K)]
  0x0000020a66c229f0 JavaThread "Unconstrained build operations Thread 97"        [_thread_blocked, id=14948, stack(0x0000004f47b00000,0x0000004f47c00000) (1024K)]
  0x0000020a66c23da0 JavaThread "Unconstrained build operations Thread 98"        [_thread_blocked, id=10752, stack(0x0000004f47c00000,0x0000004f47d00000) (1024K)]
  0x0000020a66c20290 JavaThread "Unconstrained build operations Thread 99"        [_thread_blocked, id=24408, stack(0x0000004f47d00000,0x0000004f47e00000) (1024K)]
  0x0000020a66c1f570 JavaThread "Unconstrained build operations Thread 100"        [_thread_blocked, id=10064, stack(0x0000004f47e00000,0x0000004f47f00000) (1024K)]
  0x0000020a66c1e850 JavaThread "Unconstrained build operations Thread 101"        [_thread_blocked, id=5408, stack(0x0000004f47f00000,0x0000004f48000000) (1024K)]
  0x0000020a66c20920 JavaThread "Unconstrained build operations Thread 102"        [_thread_blocked, id=8628, stack(0x0000004f48000000,0x0000004f48100000) (1024K)]
  0x0000020a66c1a6b0 JavaThread "Unconstrained build operations Thread 103"        [_thread_blocked, id=8764, stack(0x0000004f48100000,0x0000004f48200000) (1024K)]
  0x0000020a66c1eee0 JavaThread "Unconstrained build operations Thread 104"        [_thread_blocked, id=2692, stack(0x0000004f48200000,0x0000004f48300000) (1024K)]
  0x0000020a66c1d4a0 JavaThread "Unconstrained build operations Thread 105"        [_thread_blocked, id=9184, stack(0x0000004f48300000,0x0000004f48400000) (1024K)]
  0x0000020a66c21640 JavaThread "Unconstrained build operations Thread 106"        [_thread_blocked, id=20404, stack(0x0000004f48400000,0x0000004f48500000) (1024K)]
  0x0000020a66c22360 JavaThread "Unconstrained build operations Thread 107"        [_thread_blocked, id=16828, stack(0x0000004f48500000,0x0000004f48600000) (1024K)]
  0x0000020a66c1b3d0 JavaThread "Unconstrained build operations Thread 108"        [_thread_blocked, id=19952, stack(0x0000004f48600000,0x0000004f48700000) (1024K)]
  0x0000020a66c1c780 JavaThread "Unconstrained build operations Thread 109"        [_thread_blocked, id=500, stack(0x0000004f48700000,0x0000004f48800000) (1024K)]
  0x0000020a66c21cd0 JavaThread "Unconstrained build operations Thread 110"        [_thread_blocked, id=24164, stack(0x0000004f48800000,0x0000004f48900000) (1024K)]
  0x0000020a66c1c0f0 JavaThread "Unconstrained build operations Thread 111"        [_thread_blocked, id=17836, stack(0x0000004f48900000,0x0000004f48a00000) (1024K)]
  0x0000020a66c1ba60 JavaThread "Unconstrained build operations Thread 112"        [_thread_blocked, id=492, stack(0x0000004f48a00000,0x0000004f48b00000) (1024K)]
  0x0000020a66c24430 JavaThread "Unconstrained build operations Thread 113"        [_thread_blocked, id=17772, stack(0x0000004f48b00000,0x0000004f48c00000) (1024K)]
  0x0000020a66c24ac0 JavaThread "Unconstrained build operations Thread 114"        [_thread_blocked, id=21648, stack(0x0000004f48c00000,0x0000004f48d00000) (1024K)]
  0x0000020a66c1db30 JavaThread "Unconstrained build operations Thread 115"        [_thread_blocked, id=24036, stack(0x0000004f48d00000,0x0000004f48e00000) (1024K)]
  0x0000020a66c1e1c0 JavaThread "Unconstrained build operations Thread 116"        [_thread_blocked, id=20596, stack(0x0000004f48e00000,0x0000004f48f00000) (1024K)]
  0x0000020a66c1fc00 JavaThread "Unconstrained build operations Thread 117"        [_thread_blocked, id=24988, stack(0x0000004f48f00000,0x0000004f49000000) (1024K)]
  0x0000020a66c25e70 JavaThread "Unconstrained build operations Thread 118"        [_thread_blocked, id=20792, stack(0x0000004f49000000,0x0000004f49100000) (1024K)]
  0x0000020a66c26500 JavaThread "Unconstrained build operations Thread 119"        [_thread_blocked, id=15248, stack(0x0000004f49100000,0x0000004f49200000) (1024K)]
  0x0000020a66ccb940 JavaThread "WorkerExecutor Queue Thread 7"        [_thread_blocked, id=12540, stack(0x0000004f40b00000,0x0000004f40c00000) (1024K)]
  0x0000020a66ccbfd0 JavaThread "Unconstrained build operations Thread 120"        [_thread_blocked, id=13856, stack(0x0000004f44800000,0x0000004f44900000) (1024K)]
  0x0000020a66ccedc0 JavaThread "WorkerExecutor Queue Thread 8"        [_thread_blocked, id=22508, stack(0x0000004f49500000,0x0000004f49600000) (1024K)]
  0x0000020a66cd0800 JavaThread "WorkerExecutor Queue Thread 9"        [_thread_blocked, id=11848, stack(0x0000004f49600000,0x0000004f49700000) (1024K)]
  0x0000020a66ccc660 JavaThread "WorkerExecutor Queue Thread 11"        [_thread_blocked, id=9440, stack(0x0000004f49800000,0x0000004f49900000) (1024K)]
  0x0000020a66ccccf0 JavaThread "WorkerExecutor Queue Thread 12"        [_thread_blocked, id=18616, stack(0x0000004f49900000,0x0000004f49a00000) (1024K)]
  0x0000020a6100cb20 JavaThread "RMI Scheduler(0)"           daemon [_thread_blocked, id=4908, stack(0x0000004f49300000,0x0000004f49400000) (1024K)]
  0x0000020a61011350 JavaThread "RMI GC Daemon"              daemon [_thread_blocked, id=19096, stack(0x0000004f49b00000,0x0000004f49c00000) (1024K)]
  0x0000020a6100d840 JavaThread "RMI TCP Accept-0"           daemon [_thread_in_native, id=19968, stack(0x0000004f49c00000,0x0000004f49d00000) (1024K)]
  0x0000020a6100ded0 JavaThread "RMI Reaper"                        [_thread_blocked, id=23804, stack(0x0000004f49d00000,0x0000004f49e00000) (1024K)]
  0x0000020a6100ffa0 JavaThread "RMI TCP Connection(1)-127.0.0.1" daemon [_thread_in_native, id=20264, stack(0x0000004f49e00000,0x0000004f49f00000) (1024K)]
  0x0000020a66cd0e90 JavaThread "ForkJoinPool-1-worker-1"    daemon [_thread_blocked, id=24104, stack(0x0000004f49f00000,0x0000004f4a000000) (1024K)]
  0x0000020a66ccd380 JavaThread "ForkJoinPool-1-worker-2"    daemon [_thread_blocked, id=18584, stack(0x0000004f4a000000,0x0000004f4a100000) (1024K)]
  0x0000020a66cce0a0 JavaThread "ForkJoinPool-1-worker-3"    daemon [_thread_blocked, id=12508, stack(0x0000004f4a100000,0x0000004f4a200000) (1024K)]
  0x0000020a66ccf450 JavaThread "ForkJoinPool-1-worker-4"    daemon [_thread_blocked, id=6436, stack(0x0000004f4a200000,0x0000004f4a300000) (1024K)]
  0x0000020a66cce730 JavaThread "ForkJoinPool-1-worker-5"    daemon [_thread_blocked, id=6188, stack(0x0000004f4a300000,0x0000004f4a400000) (1024K)]
  0x0000020a66cd0170 JavaThread "ForkJoinPool-1-worker-6"    daemon [_thread_blocked, id=17972, stack(0x0000004f4a400000,0x0000004f4a500000) (1024K)]
  0x0000020a66ccac20 JavaThread "ForkJoinPool-1-worker-7"    daemon [_thread_blocked, id=22024, stack(0x0000004f4a500000,0x0000004f4a600000) (1024K)]
  0x0000020a66cc9f00 JavaThread "ForkJoinPool-1-worker-8"    daemon [_thread_blocked, id=1068, stack(0x0000004f4a600000,0x0000004f4a700000) (1024K)]
  0x0000020a66cd1520 JavaThread "ForkJoinPool-1-worker-9"    daemon [_thread_blocked, id=17976, stack(0x0000004f4a700000,0x0000004f4a800000) (1024K)]
  0x0000020a66cca590 JavaThread "ForkJoinPool-1-worker-10"   daemon [_thread_blocked, id=14116, stack(0x0000004f4a800000,0x0000004f4a900000) (1024K)]
  0x0000020a66cd28d0 JavaThread "ForkJoinPool-1-worker-11"   daemon [_thread_blocked, id=10228, stack(0x0000004f4a900000,0x0000004f4aa00000) (1024K)]
  0x0000020a66cd6a70 JavaThread "ForkJoinPool-1-worker-12"   daemon [_thread_blocked, id=24140, stack(0x0000004f4aa00000,0x0000004f4ab00000) (1024K)]
  0x0000020a6c259200 JavaThread "WorkerExecutor Queue Thread 13"        [_thread_blocked, id=25788, stack(0x0000004f49400000,0x0000004f49500000) (1024K)]
  0x0000020a6d818810 JavaThread "pool-5-thread-1"                   [_thread_blocked, id=25808, stack(0x0000004f4ad00000,0x0000004f4ae00000) (1024K)]
  0x0000020a6d818ea0 JavaThread "stderr"                            [_thread_in_native, id=25832, stack(0x0000004f4ae00000,0x0000004f4af00000) (1024K)]
  0x0000020a6d819530 JavaThread "stdout"                            [_thread_in_native, id=25836, stack(0x0000004f4af00000,0x0000004f4b000000) (1024K)]
=>0x0000020a6e7211b0 JavaThread "C2 CompilerThread1"         daemon [_thread_in_native, id=26004, stack(0x0000004f49200000,0x0000004f49300000) (1024K)]
  0x0000020a669afce0 JavaThread "WorkerExecutor Queue Thread 14"        [_thread_in_native, id=25872, stack(0x0000004f49700000,0x0000004f49800000) (1024K)]
  0x0000020a66c99f90 JavaThread "ForkJoinPool.commonPool-worker-1" daemon [_thread_blocked, id=26112, stack(0x0000004f49a00000,0x0000004f49b00000) (1024K)]
  0x0000020a60f54220 JavaThread "ForkJoinPool.commonPool-worker-2" daemon [_thread_blocked, id=26104, stack(0x0000004f4b000000,0x0000004f4b100000) (1024K)]
  0x0000020a6c19e590 JavaThread "ForkJoinPool.commonPool-worker-3" daemon [_thread_blocked, id=18028, stack(0x0000004f4b100000,0x0000004f4b200000) (1024K)]
  0x0000020a676fc060 JavaThread "ForkJoinPool.commonPool-worker-4" daemon [_thread_blocked, id=26208, stack(0x0000004f4b200000,0x0000004f4b300000) (1024K)]
Total: 220

Other Threads:
  0x0000020a54e86040 VMThread "VM Thread"                           [id=3104, stack(0x0000004f3c900000,0x0000004f3ca00000) (1024K)]
  0x0000020a54e25d70 WatcherThread "VM Periodic Task Thread"        [id=10660, stack(0x0000004f3c800000,0x0000004f3c900000) (1024K)]
  0x0000020a3d389d60 WorkerThread "GC Thread#0"                     [id=24056, stack(0x0000004f3c300000,0x0000004f3c400000) (1024K)]
  0x0000020a55967c70 WorkerThread "GC Thread#1"                     [id=10672, stack(0x0000004f3d500000,0x0000004f3d600000) (1024K)]
  0x0000020a55968020 WorkerThread "GC Thread#2"                     [id=10828, stack(0x0000004f3d600000,0x0000004f3d700000) (1024K)]
  0x0000020a559683d0 WorkerThread "GC Thread#3"                     [id=10992, stack(0x0000004f3d700000,0x0000004f3d800000) (1024K)]
  0x0000020a55968780 WorkerThread "GC Thread#4"                     [id=19468, stack(0x0000004f3d800000,0x0000004f3d900000) (1024K)]
  0x0000020a5bcc9390 WorkerThread "GC Thread#5"                     [id=10760, stack(0x0000004f3df00000,0x0000004f3e000000) (1024K)]
  0x0000020a5be4bb80 WorkerThread "GC Thread#6"                     [id=17916, stack(0x0000004f3e000000,0x0000004f3e100000) (1024K)]
  0x0000020a5be4bf30 WorkerThread "GC Thread#7"                     [id=792, stack(0x0000004f3e100000,0x0000004f3e200000) (1024K)]
  0x0000020a5be4c2e0 WorkerThread "GC Thread#8"                     [id=3956, stack(0x0000004f3e200000,0x0000004f3e300000) (1024K)]
  0x0000020a5be4d310 WorkerThread "GC Thread#9"                     [id=4444, stack(0x0000004f3e300000,0x0000004f3e400000) (1024K)]
  0x0000020a3d39b480 ConcurrentGCThread "G1 Main Marker"            [id=16392, stack(0x0000004f3c400000,0x0000004f3c500000) (1024K)]
  0x0000020a3d39e4f0 WorkerThread "G1 Conc#0"                       [id=25348, stack(0x0000004f3c500000,0x0000004f3c600000) (1024K)]
  0x0000020a5be4d6c0 WorkerThread "G1 Conc#1"                       [id=20860, stack(0x0000004f3e400000,0x0000004f3e500000) (1024K)]
  0x0000020a5be4e930 WorkerThread "G1 Conc#2"                       [id=3780, stack(0x0000004f3e500000,0x0000004f3e600000) (1024K)]
  0x0000020a54d77740 ConcurrentGCThread "G1 Refine#0"               [id=11480, stack(0x0000004f3c600000,0x0000004f3c700000) (1024K)]
  0x0000020a54d77f70 ConcurrentGCThread "G1 Service"                [id=10840, stack(0x0000004f3c700000,0x0000004f3c800000) (1024K)]
Total: 18

Threads with active compile tasks:
C2 CompilerThread0  59467 27189       4       com.android.tools.r8.internal.ee0::a (3327 bytes)
C2 CompilerThread1  59467 26589       4       com.android.tools.r8.graph.e6$$Lambda/0x00000001017f74f0::accept (12 bytes)
Total: 2

VM state: not at safepoint (normal execution)

VM Mutex/Monitor currently owned by a thread: None

Heap address: 0x0000000080000000, size: 2048 MB, Compressed Oops mode: 32-bit

CDS archive(s) not mapped
Compressed class space mapped at: 0x0000000100000000-0x0000000140000000, reserved size: 1073741824
Narrow klass base: 0x0000000000000000, Narrow klass shift: 3, Narrow klass range: 0x140000000

GC Precious Log:
 CardTable entry size: 512
 Card Set container configuration: InlinePtr #cards 5 size 8 Array Of Cards #cards 12 size 40 Howl #buckets 4 coarsen threshold 1843 Howl Bitmap #cards 512 size 80 coarsen threshold 460 Card regions per heap region 1 cards per card region 2048
 CPUs: 12 total, 12 available
 Memory: 15557M
 Large Page Support: Disabled
 NUMA Support: Disabled
 Compressed Oops: Enabled (32-bit)
 Heap Region Size: 1M
 Heap Min Capacity: 8M
 Heap Initial Capacity: 244M
 Heap Max Capacity: 2G
 Pre-touch: Disabled
 Parallel Workers: 10
 Concurrent Workers: 3
 Concurrent Refinement Workers: 10
 Periodic GC: Disabled

Heap:
 garbage-first heap   total 551936K, used 414976K [0x0000000080000000, 0x0000000100000000)
  region size 1024K, 91 young (93184K), 6 survivors (6144K)
 Metaspace       used 180963K, committed 183808K, reserved 1245184K
  class space    used 24934K, committed 26368K, reserved 1048576K

Heap Regions: E=young(eden), S=young(survivor), O=old, HS=humongous(starts), HC=humongous(continues), CS=collection set, F=free, TAMS=top-at-mark-start, PB=parsable bottom
|   0|0x0000000080000000, 0x0000000080100000, 0x0000000080100000|100%|HS|  |TAMS 0x0000000080000000| PB 0x0000000080000000| Complete 
|   1|0x0000000080100000, 0x0000000080200000, 0x0000000080200000|100%|HC|  |TAMS 0x0000000080100000| PB 0x0000000080100000| Complete 
|   2|0x0000000080200000, 0x0000000080300000, 0x0000000080300000|100%|HC|  |TAMS 0x0000000080200000| PB 0x0000000080200000| Complete 
|   3|0x0000000080300000, 0x0000000080400000, 0x0000000080400000|100%| O|  |TAMS 0x0000000080300000| PB 0x0000000080300000| Untracked 
|   4|0x0000000080400000, 0x0000000080500000, 0x0000000080500000|100%| O|  |TAMS 0x0000000080400000| PB 0x0000000080400000| Untracked 
|   5|0x0000000080500000, 0x0000000080600000, 0x0000000080600000|100%| O|  |TAMS 0x0000000080500000| PB 0x0000000080500000| Untracked 
|   6|0x0000000080600000, 0x0000000080700000, 0x0000000080700000|100%|HS|  |TAMS 0x0000000080600000| PB 0x0000000080600000| Complete 
|   7|0x0000000080700000, 0x0000000080800000, 0x0000000080800000|100%| O|  |TAMS 0x0000000080700000| PB 0x0000000080700000| Untracked 
|   8|0x0000000080800000, 0x0000000080900000, 0x0000000080900000|100%| O|  |TAMS 0x0000000080800000| PB 0x0000000080800000| Untracked 
|   9|0x0000000080900000, 0x0000000080a00000, 0x0000000080a00000|100%| O|  |TAMS 0x0000000080900000| PB 0x0000000080900000| Untracked 
|  10|0x0000000080a00000, 0x0000000080b00000, 0x0000000080b00000|100%| O|  |TAMS 0x0000000080a00000| PB 0x0000000080a00000| Untracked 
|  11|0x0000000080b00000, 0x0000000080c00000, 0x0000000080c00000|100%| O|  |TAMS 0x0000000080b00000| PB 0x0000000080b00000| Untracked 
|  12|0x0000000080c00000, 0x0000000080d00000, 0x0000000080d00000|100%| O|  |TAMS 0x0000000080c00000| PB 0x0000000080c00000| Untracked 
|  13|0x0000000080d00000, 0x0000000080e00000, 0x0000000080e00000|100%| O|  |TAMS 0x0000000080d00000| PB 0x0000000080d00000| Untracked 
|  14|0x0000000080e00000, 0x0000000080f00000, 0x0000000080f00000|100%| O|  |TAMS 0x0000000080e00000| PB 0x0000000080e00000| Untracked 
|  15|0x0000000080f00000, 0x0000000081000000, 0x0000000081000000|100%| O|  |TAMS 0x0000000080f00000| PB 0x0000000080f00000| Untracked 
|  16|0x0000000081000000, 0x0000000081100000, 0x0000000081100000|100%| O|  |TAMS 0x0000000081000000| PB 0x0000000081000000| Untracked 
|  17|0x0000000081100000, 0x0000000081200000, 0x0000000081200000|100%| O|  |TAMS 0x0000000081100000| PB 0x0000000081100000| Untracked 
|  18|0x0000000081200000, 0x0000000081300000, 0x0000000081300000|100%|HS|  |TAMS 0x0000000081200000| PB 0x0000000081200000| Complete 
|  19|0x0000000081300000, 0x0000000081400000, 0x0000000081400000|100%|HC|  |TAMS 0x0000000081300000| PB 0x0000000081300000| Complete 
|  20|0x0000000081400000, 0x0000000081500000, 0x0000000081500000|100%|HC|  |TAMS 0x0000000081400000| PB 0x0000000081400000| Complete 
|  21|0x0000000081500000, 0x0000000081600000, 0x0000000081600000|100%|HC|  |TAMS 0x0000000081500000| PB 0x0000000081500000| Complete 
|  22|0x0000000081600000, 0x0000000081700000, 0x0000000081700000|100%|HC|  |TAMS 0x0000000081600000| PB 0x0000000081600000| Complete 
|  23|0x0000000081700000, 0x0000000081800000, 0x0000000081800000|100%|HC|  |TAMS 0x0000000081700000| PB 0x0000000081700000| Complete 
|  24|0x0000000081800000, 0x0000000081900000, 0x0000000081900000|100%|HS|  |TAMS 0x0000000081800000| PB 0x0000000081800000| Complete 
|  25|0x0000000081900000, 0x0000000081a00000, 0x0000000081a00000|100%|HC|  |TAMS 0x0000000081900000| PB 0x0000000081900000| Complete 
|  26|0x0000000081a00000, 0x0000000081b00000, 0x0000000081b00000|100%|HS|  |TAMS 0x0000000081a00000| PB 0x0000000081a00000| Complete 
|  27|0x0000000081b00000, 0x0000000081c00000, 0x0000000081c00000|100%|HS|  |TAMS 0x0000000081b00000| PB 0x0000000081b00000| Complete 
|  28|0x0000000081c00000, 0x0000000081d00000, 0x0000000081d00000|100%|HC|  |TAMS 0x0000000081c00000| PB 0x0000000081c00000| Complete 
|  29|0x0000000081d00000, 0x0000000081e00000, 0x0000000081e00000|100%|HC|  |TAMS 0x0000000081d00000| PB 0x0000000081d00000| Complete 
|  30|0x0000000081e00000, 0x0000000081f00000, 0x0000000081f00000|100%|HC|  |TAMS 0x0000000081e00000| PB 0x0000000081e00000| Complete 
|  31|0x0000000081f00000, 0x0000000082000000, 0x0000000082000000|100%|HC|  |TAMS 0x0000000081f00000| PB 0x0000000081f00000| Complete 
|  32|0x0000000082000000, 0x0000000082100000, 0x0000000082100000|100%|HC|  |TAMS 0x0000000082000000| PB 0x0000000082000000| Complete 
|  33|0x0000000082100000, 0x0000000082200000, 0x0000000082200000|100%|HS|  |TAMS 0x0000000082100000| PB 0x0000000082100000| Complete 
|  34|0x0000000082200000, 0x0000000082300000, 0x0000000082300000|100%|HC|  |TAMS 0x0000000082200000| PB 0x0000000082200000| Complete 
|  35|0x0000000082300000, 0x0000000082400000, 0x0000000082400000|100%|HS|  |TAMS 0x0000000082300000| PB 0x0000000082300000| Complete 
|  36|0x0000000082400000, 0x0000000082500000, 0x0000000082500000|100%| O|  |TAMS 0x0000000082400000| PB 0x0000000082400000| Untracked 
|  37|0x0000000082500000, 0x0000000082600000, 0x0000000082600000|100%| O|  |TAMS 0x0000000082500000| PB 0x0000000082500000| Untracked 
|  38|0x0000000082600000, 0x0000000082700000, 0x0000000082700000|100%| O|  |TAMS 0x0000000082600000| PB 0x0000000082600000| Untracked 
|  39|0x0000000082700000, 0x0000000082800000, 0x0000000082800000|100%| O|  |TAMS 0x0000000082700000| PB 0x0000000082700000| Untracked 
|  40|0x0000000082800000, 0x0000000082900000, 0x0000000082900000|100%| O|  |TAMS 0x0000000082800000| PB 0x0000000082800000| Untracked 
|  41|0x0000000082900000, 0x0000000082a00000, 0x0000000082a00000|100%| O|  |TAMS 0x0000000082900000| PB 0x0000000082900000| Untracked 
|  42|0x0000000082a00000, 0x0000000082b00000, 0x0000000082b00000|100%| O|  |TAMS 0x0000000082a00000| PB 0x0000000082a00000| Untracked 
|  43|0x0000000082b00000, 0x0000000082c00000, 0x0000000082c00000|100%| O|  |TAMS 0x0000000082b00000| PB 0x0000000082b00000| Untracked 
|  44|0x0000000082c00000, 0x0000000082d00000, 0x0000000082d00000|100%| O|  |TAMS 0x0000000082c00000| PB 0x0000000082c00000| Untracked 
|  45|0x0000000082d00000, 0x0000000082e00000, 0x0000000082e00000|100%|HS|  |TAMS 0x0000000082d00000| PB 0x0000000082d00000| Complete 
|  46|0x0000000082e00000, 0x0000000082f00000, 0x0000000082f00000|100%|HC|  |TAMS 0x0000000082e00000| PB 0x0000000082e00000| Complete 
|  47|0x0000000082f00000, 0x0000000083000000, 0x0000000083000000|100%| O|  |TAMS 0x0000000082f00000| PB 0x0000000082f00000| Untracked 
|  48|0x0000000083000000, 0x0000000083100000, 0x0000000083100000|100%| O|  |TAMS 0x0000000083000000| PB 0x0000000083000000| Untracked 
|  49|0x0000000083100000, 0x0000000083200000, 0x0000000083200000|100%| O|  |TAMS 0x0000000083100000| PB 0x0000000083100000| Untracked 
|  50|0x0000000083200000, 0x0000000083300000, 0x0000000083300000|100%| O|  |TAMS 0x0000000083200000| PB 0x0000000083200000| Untracked 
|  51|0x0000000083300000, 0x0000000083400000, 0x0000000083400000|100%| O|  |TAMS 0x0000000083300000| PB 0x0000000083300000| Untracked 
|  52|0x0000000083400000, 0x0000000083500000, 0x0000000083500000|100%| O|  |TAMS 0x0000000083400000| PB 0x0000000083400000| Untracked 
|  53|0x0000000083500000, 0x0000000083600000, 0x0000000083600000|100%|HS|  |TAMS 0x0000000083500000| PB 0x0000000083500000| Complete 
|  54|0x0000000083600000, 0x0000000083700000, 0x0000000083700000|100%|HS|  |TAMS 0x0000000083600000| PB 0x0000000083600000| Complete 
|  55|0x0000000083700000, 0x0000000083800000, 0x0000000083800000|100%| O|  |TAMS 0x0000000083700000| PB 0x0000000083700000| Untracked 
|  56|0x0000000083800000, 0x0000000083900000, 0x0000000083900000|100%| O|  |TAMS 0x0000000083800000| PB 0x0000000083800000| Untracked 
|  57|0x0000000083900000, 0x0000000083a00000, 0x0000000083a00000|100%| O|  |TAMS 0x0000000083900000| PB 0x0000000083900000| Untracked 
|  58|0x0000000083a00000, 0x0000000083b00000, 0x0000000083b00000|100%| O|  |TAMS 0x0000000083a00000| PB 0x0000000083a00000| Untracked 
|  59|0x0000000083b00000, 0x0000000083c00000, 0x0000000083c00000|100%| O|  |TAMS 0x0000000083b00000| PB 0x0000000083b00000| Untracked 
|  60|0x0000000083c00000, 0x0000000083d00000, 0x0000000083d00000|100%| O|  |TAMS 0x0000000083c00000| PB 0x0000000083c00000| Untracked 
|  61|0x0000000083d00000, 0x0000000083e00000, 0x0000000083e00000|100%| O|  |TAMS 0x0000000083d00000| PB 0x0000000083d00000| Untracked 
|  62|0x0000000083e00000, 0x0000000083f00000, 0x0000000083f00000|100%| O|  |TAMS 0x0000000083e00000| PB 0x0000000083e00000| Untracked 
|  63|0x0000000083f00000, 0x0000000084000000, 0x0000000084000000|100%| O|  |TAMS 0x0000000083f00000| PB 0x0000000083f00000| Untracked 
|  64|0x0000000084000000, 0x0000000084000000, 0x0000000084100000|  0%| F|  |TAMS 0x0000000084000000| PB 0x0000000084000000| Untracked 
|  65|0x0000000084100000, 0x0000000084200000, 0x0000000084200000|100%| O|  |TAMS 0x0000000084100000| PB 0x0000000084100000| Untracked 
|  66|0x0000000084200000, 0x0000000084300000, 0x0000000084300000|100%| O|  |TAMS 0x0000000084200000| PB 0x0000000084200000| Untracked 
|  67|0x0000000084300000, 0x0000000084400000, 0x0000000084400000|100%|HS|  |TAMS 0x0000000084300000| PB 0x0000000084300000| Complete 
|  68|0x0000000084400000, 0x0000000084500000, 0x0000000084500000|100%|HS|  |TAMS 0x0000000084400000| PB 0x0000000084400000| Complete 
|  69|0x0000000084500000, 0x0000000084600000, 0x0000000084600000|100%| O|  |TAMS 0x0000000084500000| PB 0x0000000084500000| Untracked 
|  70|0x0000000084600000, 0x0000000084700000, 0x0000000084700000|100%|HS|  |TAMS 0x0000000084600000| PB 0x0000000084600000| Complete 
|  71|0x0000000084700000, 0x0000000084800000, 0x0000000084800000|100%|HC|  |TAMS 0x0000000084700000| PB 0x0000000084700000| Complete 
|  72|0x0000000084800000, 0x0000000084900000, 0x0000000084900000|100%|HS|  |TAMS 0x0000000084800000| PB 0x0000000084800000| Complete 
|  73|0x0000000084900000, 0x0000000084a00000, 0x0000000084a00000|100%|HS|  |TAMS 0x0000000084900000| PB 0x0000000084900000| Complete 
|  74|0x0000000084a00000, 0x0000000084b00000, 0x0000000084b00000|100%| O|  |TAMS 0x0000000084a00000| PB 0x0000000084a00000| Untracked 
|  75|0x0000000084b00000, 0x0000000084c00000, 0x0000000084c00000|100%| O|  |TAMS 0x0000000084b00000| PB 0x0000000084b00000| Untracked 
|  76|0x0000000084c00000, 0x0000000084d00000, 0x0000000084d00000|100%|HS|  |TAMS 0x0000000084c00000| PB 0x0000000084c00000| Complete 
|  77|0x0000000084d00000, 0x0000000084e00000, 0x0000000084e00000|100%|HC|  |TAMS 0x0000000084d00000| PB 0x0000000084d00000| Complete 
|  78|0x0000000084e00000, 0x0000000084f00000, 0x0000000084f00000|100%|HS|  |TAMS 0x0000000084e00000| PB 0x0000000084e00000| Complete 
|  79|0x0000000084f00000, 0x0000000085000000, 0x0000000085000000|100%|HS|  |TAMS 0x0000000084f00000| PB 0x0000000084f00000| Complete 
|  80|0x0000000085000000, 0x0000000085100000, 0x0000000085100000|100%|HC|  |TAMS 0x0000000085000000| PB 0x0000000085000000| Complete 
|  81|0x0000000085100000, 0x0000000085200000, 0x0000000085200000|100%| O|  |TAMS 0x0000000085100000| PB 0x0000000085100000| Untracked 
|  82|0x0000000085200000, 0x0000000085300000, 0x0000000085300000|100%| O|  |TAMS 0x0000000085200000| PB 0x0000000085200000| Untracked 
|  83|0x0000000085300000, 0x0000000085400000, 0x0000000085400000|100%|HS|  |TAMS 0x0000000085300000| PB 0x0000000085300000| Complete 
|  84|0x0000000085400000, 0x0000000085500000, 0x0000000085500000|100%| O|  |TAMS 0x0000000085400000| PB 0x0000000085400000| Untracked 
|  85|0x0000000085500000, 0x0000000085600000, 0x0000000085600000|100%| O|  |TAMS 0x0000000085500000| PB 0x0000000085500000| Untracked 
|  86|0x0000000085600000, 0x0000000085700000, 0x0000000085700000|100%| O|  |TAMS 0x0000000085600000| PB 0x0000000085600000| Untracked 
|  87|0x0000000085700000, 0x0000000085800000, 0x0000000085800000|100%| O|  |TAMS 0x0000000085700000| PB 0x0000000085700000| Untracked 
|  88|0x0000000085800000, 0x0000000085900000, 0x0000000085900000|100%| O|  |TAMS 0x0000000085800000| PB 0x0000000085800000| Untracked 
|  89|0x0000000085900000, 0x0000000085a00000, 0x0000000085a00000|100%| O|  |TAMS 0x0000000085900000| PB 0x0000000085900000| Untracked 
|  90|0x0000000085a00000, 0x0000000085b00000, 0x0000000085b00000|100%| O|  |TAMS 0x0000000085a00000| PB 0x0000000085a00000| Untracked 
|  91|0x0000000085b00000, 0x0000000085c00000, 0x0000000085c00000|100%| O|  |TAMS 0x0000000085b00000| PB 0x0000000085b00000| Untracked 
|  92|0x0000000085c00000, 0x0000000085d00000, 0x0000000085d00000|100%| O|  |TAMS 0x0000000085c00000| PB 0x0000000085c00000| Untracked 
|  93|0x0000000085d00000, 0x0000000085e00000, 0x0000000085e00000|100%| O|  |TAMS 0x0000000085d00000| PB 0x0000000085d00000| Untracked 
|  94|0x0000000085e00000, 0x0000000085f00000, 0x0000000085f00000|100%| O|  |TAMS 0x0000000085e00000| PB 0x0000000085e00000| Untracked 
|  95|0x0000000085f00000, 0x0000000086000000, 0x0000000086000000|100%| O|  |TAMS 0x0000000085f00000| PB 0x0000000085f00000| Untracked 
|  96|0x0000000086000000, 0x0000000086100000, 0x0000000086100000|100%| O|  |TAMS 0x0000000086000000| PB 0x0000000086000000| Untracked 
|  97|0x0000000086100000, 0x0000000086200000, 0x0000000086200000|100%| O|  |TAMS 0x0000000086100000| PB 0x0000000086100000| Untracked 
|  98|0x0000000086200000, 0x0000000086300000, 0x0000000086300000|100%| O|  |TAMS 0x0000000086200000| PB 0x0000000086200000| Untracked 
|  99|0x0000000086300000, 0x0000000086400000, 0x0000000086400000|100%| O|  |TAMS 0x0000000086300000| PB 0x0000000086300000| Untracked 
| 100|0x0000000086400000, 0x0000000086500000, 0x0000000086500000|100%| O|  |TAMS 0x0000000086400000| PB 0x0000000086400000| Untracked 
| 101|0x0000000086500000, 0x0000000086600000, 0x0000000086600000|100%| O|  |TAMS 0x0000000086500000| PB 0x0000000086500000| Untracked 
| 102|0x0000000086600000, 0x0000000086700000, 0x0000000086700000|100%| O|  |TAMS 0x0000000086600000| PB 0x0000000086600000| Untracked 
| 103|0x0000000086700000, 0x0000000086800000, 0x0000000086800000|100%| O|  |TAMS 0x0000000086700000| PB 0x0000000086700000| Untracked 
| 104|0x0000000086800000, 0x0000000086900000, 0x0000000086900000|100%| O|  |TAMS 0x0000000086800000| PB 0x0000000086800000| Untracked 
| 105|0x0000000086900000, 0x0000000086a00000, 0x0000000086a00000|100%| O|  |TAMS 0x0000000086900000| PB 0x0000000086900000| Untracked 
| 106|0x0000000086a00000, 0x0000000086b00000, 0x0000000086b00000|100%| O|  |TAMS 0x0000000086a00000| PB 0x0000000086a00000| Untracked 
| 107|0x0000000086b00000, 0x0000000086c00000, 0x0000000086c00000|100%| O|  |TAMS 0x0000000086b00000| PB 0x0000000086b00000| Untracked 
| 108|0x0000000086c00000, 0x0000000086d00000, 0x0000000086d00000|100%| O|  |TAMS 0x0000000086c00000| PB 0x0000000086c00000| Untracked 
| 109|0x0000000086d00000, 0x0000000086e00000, 0x0000000086e00000|100%| O|  |TAMS 0x0000000086d00000| PB 0x0000000086d00000| Untracked 
| 110|0x0000000086e00000, 0x0000000086f00000, 0x0000000086f00000|100%| O|  |TAMS 0x0000000086e00000| PB 0x0000000086e00000| Untracked 
| 111|0x0000000086f00000, 0x0000000087000000, 0x0000000087000000|100%| O|  |TAMS 0x0000000086f00000| PB 0x0000000086f00000| Untracked 
| 112|0x0000000087000000, 0x0000000087100000, 0x0000000087100000|100%| O|  |TAMS 0x0000000087000000| PB 0x0000000087000000| Untracked 
| 113|0x0000000087100000, 0x0000000087200000, 0x0000000087200000|100%| O|  |TAMS 0x0000000087100000| PB 0x0000000087100000| Untracked 
| 114|0x0000000087200000, 0x0000000087300000, 0x0000000087300000|100%| O|  |TAMS 0x0000000087200000| PB 0x0000000087200000| Untracked 
| 115|0x0000000087300000, 0x0000000087400000, 0x0000000087400000|100%| O|  |TAMS 0x0000000087300000| PB 0x0000000087300000| Untracked 
| 116|0x0000000087400000, 0x0000000087500000, 0x0000000087500000|100%| O|  |TAMS 0x0000000087400000| PB 0x0000000087400000| Untracked 
| 117|0x0000000087500000, 0x0000000087600000, 0x0000000087600000|100%| O|  |TAMS 0x0000000087500000| PB 0x0000000087500000| Untracked 
| 118|0x0000000087600000, 0x0000000087700000, 0x0000000087700000|100%| O|  |TAMS 0x0000000087600000| PB 0x0000000087600000| Untracked 
| 119|0x0000000087700000, 0x0000000087800000, 0x0000000087800000|100%| O|  |TAMS 0x0000000087700000| PB 0x0000000087700000| Untracked 
| 120|0x0000000087800000, 0x0000000087900000, 0x0000000087900000|100%| O|  |TAMS 0x0000000087800000| PB 0x0000000087800000| Untracked 
| 121|0x0000000087900000, 0x0000000087a00000, 0x0000000087a00000|100%| O|  |TAMS 0x0000000087900000| PB 0x0000000087900000| Untracked 
| 122|0x0000000087a00000, 0x0000000087b00000, 0x0000000087b00000|100%| O|  |TAMS 0x0000000087a00000| PB 0x0000000087a00000| Untracked 
| 123|0x0000000087b00000, 0x0000000087c00000, 0x0000000087c00000|100%| O|  |TAMS 0x0000000087b00000| PB 0x0000000087b00000| Untracked 
| 124|0x0000000087c00000, 0x0000000087d00000, 0x0000000087d00000|100%| O|  |TAMS 0x0000000087c00000| PB 0x0000000087c00000| Untracked 
| 125|0x0000000087d00000, 0x0000000087e00000, 0x0000000087e00000|100%| O|  |TAMS 0x0000000087d00000| PB 0x0000000087d00000| Untracked 
| 126|0x0000000087e00000, 0x0000000087f00000, 0x0000000087f00000|100%| O|  |TAMS 0x0000000087e00000| PB 0x0000000087e00000| Untracked 
| 127|0x0000000087f00000, 0x0000000088000000, 0x0000000088000000|100%| O|  |TAMS 0x0000000087f00000| PB 0x0000000087f00000| Untracked 
| 128|0x0000000088000000, 0x0000000088100000, 0x0000000088100000|100%| O|  |TAMS 0x0000000088000000| PB 0x0000000088000000| Untracked 
| 129|0x0000000088100000, 0x0000000088200000, 0x0000000088200000|100%| O|  |TAMS 0x0000000088100000| PB 0x0000000088100000| Untracked 
| 130|0x0000000088200000, 0x0000000088300000, 0x0000000088300000|100%| O|  |TAMS 0x0000000088200000| PB 0x0000000088200000| Untracked 
| 131|0x0000000088300000, 0x0000000088400000, 0x0000000088400000|100%| O|  |TAMS 0x0000000088300000| PB 0x0000000088300000| Untracked 
| 132|0x0000000088400000, 0x0000000088500000, 0x0000000088500000|100%| O|  |TAMS 0x0000000088400000| PB 0x0000000088400000| Untracked 
| 133|0x0000000088500000, 0x0000000088600000, 0x0000000088600000|100%| O|  |TAMS 0x0000000088500000| PB 0x0000000088500000| Untracked 
| 134|0x0000000088600000, 0x0000000088700000, 0x0000000088700000|100%| O|  |TAMS 0x0000000088600000| PB 0x0000000088600000| Untracked 
| 135|0x0000000088700000, 0x0000000088800000, 0x0000000088800000|100%| O|  |TAMS 0x0000000088700000| PB 0x0000000088700000| Untracked 
| 136|0x0000000088800000, 0x0000000088900000, 0x0000000088900000|100%| O|  |TAMS 0x0000000088800000| PB 0x0000000088800000| Untracked 
| 137|0x0000000088900000, 0x0000000088a00000, 0x0000000088a00000|100%| O|  |TAMS 0x0000000088900000| PB 0x0000000088900000| Untracked 
| 138|0x0000000088a00000, 0x0000000088b00000, 0x0000000088b00000|100%| O|  |TAMS 0x0000000088a00000| PB 0x0000000088a00000| Untracked 
| 139|0x0000000088b00000, 0x0000000088c00000, 0x0000000088c00000|100%| O|  |TAMS 0x0000000088b00000| PB 0x0000000088b00000| Untracked 
| 140|0x0000000088c00000, 0x0000000088d00000, 0x0000000088d00000|100%| O|  |TAMS 0x0000000088c00000| PB 0x0000000088c00000| Untracked 
| 141|0x0000000088d00000, 0x0000000088e00000, 0x0000000088e00000|100%| O|  |TAMS 0x0000000088d00000| PB 0x0000000088d00000| Untracked 
| 142|0x0000000088e00000, 0x0000000088f00000, 0x0000000088f00000|100%| O|  |TAMS 0x0000000088e00000| PB 0x0000000088e00000| Untracked 
| 143|0x0000000088f00000, 0x0000000089000000, 0x0000000089000000|100%| O|  |TAMS 0x0000000088f00000| PB 0x0000000088f00000| Untracked 
| 144|0x0000000089000000, 0x0000000089100000, 0x0000000089100000|100%| O|  |TAMS 0x0000000089000000| PB 0x0000000089000000| Untracked 
| 145|0x0000000089100000, 0x0000000089200000, 0x0000000089200000|100%| O|  |TAMS 0x0000000089100000| PB 0x0000000089100000| Untracked 
| 146|0x0000000089200000, 0x0000000089300000, 0x0000000089300000|100%| O|  |TAMS 0x0000000089200000| PB 0x0000000089200000| Untracked 
| 147|0x0000000089300000, 0x0000000089400000, 0x0000000089400000|100%| O|  |TAMS 0x0000000089300000| PB 0x0000000089300000| Untracked 
| 148|0x0000000089400000, 0x0000000089500000, 0x0000000089500000|100%| O|  |TAMS 0x0000000089400000| PB 0x0000000089400000| Untracked 
| 149|0x0000000089500000, 0x0000000089600000, 0x0000000089600000|100%| O|  |TAMS 0x0000000089500000| PB 0x0000000089500000| Untracked 
| 150|0x0000000089600000, 0x0000000089700000, 0x0000000089700000|100%| O|  |TAMS 0x0000000089600000| PB 0x0000000089600000| Untracked 
| 151|0x0000000089700000, 0x0000000089800000, 0x0000000089800000|100%| O|  |TAMS 0x0000000089700000| PB 0x0000000089700000| Untracked 
| 152|0x0000000089800000, 0x0000000089900000, 0x0000000089900000|100%| O|  |TAMS 0x0000000089800000| PB 0x0000000089800000| Untracked 
| 153|0x0000000089900000, 0x0000000089a00000, 0x0000000089a00000|100%| O|Cm|TAMS 0x0000000089900000| PB 0x0000000089900000| Complete 
| 154|0x0000000089a00000, 0x0000000089b00000, 0x0000000089b00000|100%|HS|  |TAMS 0x0000000089a00000| PB 0x0000000089a00000| Complete 
| 155|0x0000000089b00000, 0x0000000089c00000, 0x0000000089c00000|100%|HC|  |TAMS 0x0000000089b00000| PB 0x0000000089b00000| Complete 
| 156|0x0000000089c00000, 0x0000000089d00000, 0x0000000089d00000|100%|HC|  |TAMS 0x0000000089c00000| PB 0x0000000089c00000| Complete 
| 157|0x0000000089d00000, 0x0000000089e00000, 0x0000000089e00000|100%| O|  |TAMS 0x0000000089d00000| PB 0x0000000089d00000| Untracked 
| 158|0x0000000089e00000, 0x0000000089f00000, 0x0000000089f00000|100%| O|  |TAMS 0x0000000089e00000| PB 0x0000000089e00000| Untracked 
| 159|0x0000000089f00000, 0x0000000089f00000, 0x000000008a000000|  0%| F|  |TAMS 0x0000000089f00000| PB 0x0000000089f00000| Untracked 
| 160|0x000000008a000000, 0x000000008a100000, 0x000000008a100000|100%| O|  |TAMS 0x000000008a000000| PB 0x000000008a000000| Untracked 
| 161|0x000000008a100000, 0x000000008a200000, 0x000000008a200000|100%| O|  |TAMS 0x000000008a100000| PB 0x000000008a100000| Untracked 
| 162|0x000000008a200000, 0x000000008a200000, 0x000000008a300000|  0%| F|  |TAMS 0x000000008a200000| PB 0x000000008a200000| Untracked 
| 163|0x000000008a300000, 0x000000008a300000, 0x000000008a400000|  0%| F|  |TAMS 0x000000008a300000| PB 0x000000008a300000| Untracked 
| 164|0x000000008a400000, 0x000000008a400000, 0x000000008a500000|  0%| F|  |TAMS 0x000000008a400000| PB 0x000000008a400000| Untracked 
| 165|0x000000008a500000, 0x000000008a500000, 0x000000008a600000|  0%| F|  |TAMS 0x000000008a500000| PB 0x000000008a500000| Untracked 
| 166|0x000000008a600000, 0x000000008a600000, 0x000000008a700000|  0%| F|  |TAMS 0x000000008a600000| PB 0x000000008a600000| Untracked 
| 167|0x000000008a700000, 0x000000008a700000, 0x000000008a800000|  0%| F|  |TAMS 0x000000008a700000| PB 0x000000008a700000| Untracked 
| 168|0x000000008a800000, 0x000000008a800000, 0x000000008a900000|  0%| F|  |TAMS 0x000000008a800000| PB 0x000000008a800000| Untracked 
| 169|0x000000008a900000, 0x000000008aa00000, 0x000000008aa00000|100%| O|Cm|TAMS 0x000000008a900000| PB 0x000000008a900000| Complete 
| 170|0x000000008aa00000, 0x000000008ab00000, 0x000000008ab00000|100%| O|  |TAMS 0x000000008aa00000| PB 0x000000008aa00000| Untracked 
| 171|0x000000008ab00000, 0x000000008ab00000, 0x000000008ac00000|  0%| F|  |TAMS 0x000000008ab00000| PB 0x000000008ab00000| Untracked 
| 172|0x000000008ac00000, 0x000000008ac00000, 0x000000008ad00000|  0%| F|  |TAMS 0x000000008ac00000| PB 0x000000008ac00000| Untracked 
| 173|0x000000008ad00000, 0x000000008ae00000, 0x000000008ae00000|100%| O|  |TAMS 0x000000008ad00000| PB 0x000000008ad00000| Untracked 
| 174|0x000000008ae00000, 0x000000008af00000, 0x000000008af00000|100%| O|  |TAMS 0x000000008ae00000| PB 0x000000008ae00000| Untracked 
| 175|0x000000008af00000, 0x000000008b000000, 0x000000008b000000|100%| O|  |TAMS 0x000000008af00000| PB 0x000000008af00000| Untracked 
| 176|0x000000008b000000, 0x000000008b100000, 0x000000008b100000|100%| O|Cm|TAMS 0x000000008b000000| PB 0x000000008b000000| Complete 
| 177|0x000000008b100000, 0x000000008b200000, 0x000000008b200000|100%| O|  |TAMS 0x000000008b100000| PB 0x000000008b100000| Untracked 
| 178|0x000000008b200000, 0x000000008b300000, 0x000000008b300000|100%| O|  |TAMS 0x000000008b200000| PB 0x000000008b200000| Untracked 
| 179|0x000000008b300000, 0x000000008b400000, 0x000000008b400000|100%| O|  |TAMS 0x000000008b300000| PB 0x000000008b300000| Untracked 
| 180|0x000000008b400000, 0x000000008b500000, 0x000000008b500000|100%| O|  |TAMS 0x000000008b400000| PB 0x000000008b400000| Untracked 
| 181|0x000000008b500000, 0x000000008b600000, 0x000000008b600000|100%|HS|  |TAMS 0x000000008b500000| PB 0x000000008b500000| Complete 
| 182|0x000000008b600000, 0x000000008b700000, 0x000000008b700000|100%| O|Cm|TAMS 0x000000008b600000| PB 0x000000008b600000| Complete 
| 183|0x000000008b700000, 0x000000008b800000, 0x000000008b800000|100%| O|Cm|TAMS 0x000000008b700000| PB 0x000000008b700000| Complete 
| 184|0x000000008b800000, 0x000000008b800000, 0x000000008b900000|  0%| F|  |TAMS 0x000000008b800000| PB 0x000000008b800000| Untracked 
| 185|0x000000008b900000, 0x000000008b900000, 0x000000008ba00000|  0%| F|  |TAMS 0x000000008b900000| PB 0x000000008b900000| Untracked 
| 186|0x000000008ba00000, 0x000000008bb00000, 0x000000008bb00000|100%|HS|  |TAMS 0x000000008ba00000| PB 0x000000008ba00000| Complete 
| 187|0x000000008bb00000, 0x000000008bc00000, 0x000000008bc00000|100%| O|Cm|TAMS 0x000000008bb00000| PB 0x000000008bb00000| Complete 
| 188|0x000000008bc00000, 0x000000008bd00000, 0x000000008bd00000|100%| O|Cm|TAMS 0x000000008bc00000| PB 0x000000008bc00000| Complete 
| 189|0x000000008bd00000, 0x000000008be00000, 0x000000008be00000|100%| O|  |TAMS 0x000000008bd00000| PB 0x000000008bd00000| Untracked 
| 190|0x000000008be00000, 0x000000008bf00000, 0x000000008bf00000|100%| O|Cm|TAMS 0x000000008be00000| PB 0x000000008be00000| Complete 
| 191|0x000000008bf00000, 0x000000008c000000, 0x000000008c000000|100%| O|  |TAMS 0x000000008bf00000| PB 0x000000008bf00000| Untracked 
| 192|0x000000008c000000, 0x000000008c100000, 0x000000008c100000|100%| O|Cm|TAMS 0x000000008c000000| PB 0x000000008c000000| Complete 
| 193|0x000000008c100000, 0x000000008c200000, 0x000000008c200000|100%| O|Cm|TAMS 0x000000008c100000| PB 0x000000008c100000| Complete 
| 194|0x000000008c200000, 0x000000008c300000, 0x000000008c300000|100%| O|  |TAMS 0x000000008c200000| PB 0x000000008c200000| Untracked 
| 195|0x000000008c300000, 0x000000008c400000, 0x000000008c400000|100%| O|  |TAMS 0x000000008c300000| PB 0x000000008c300000| Untracked 
| 196|0x000000008c400000, 0x000000008c500000, 0x000000008c500000|100%| O|Cm|TAMS 0x000000008c400000| PB 0x000000008c400000| Complete 
| 197|0x000000008c500000, 0x000000008c600000, 0x000000008c600000|100%| O|Cm|TAMS 0x000000008c500000| PB 0x000000008c500000| Complete 
| 198|0x000000008c600000, 0x000000008c700000, 0x000000008c700000|100%| O|Cm|TAMS 0x000000008c600000| PB 0x000000008c600000| Complete 
| 199|0x000000008c700000, 0x000000008c800000, 0x000000008c800000|100%| O|Cm|TAMS 0x000000008c700000| PB 0x000000008c700000| Complete 
| 200|0x000000008c800000, 0x000000008c900000, 0x000000008c900000|100%| O|Cm|TAMS 0x000000008c800000| PB 0x000000008c800000| Complete 
| 201|0x000000008c900000, 0x000000008ca00000, 0x000000008ca00000|100%| O|  |TAMS 0x000000008c900000| PB 0x000000008c900000| Untracked 
| 202|0x000000008ca00000, 0x000000008cb00000, 0x000000008cb00000|100%| O|  |TAMS 0x000000008ca00000| PB 0x000000008ca00000| Untracked 
| 203|0x000000008cb00000, 0x000000008cc00000, 0x000000008cc00000|100%| O|  |TAMS 0x000000008cb00000| PB 0x000000008cb00000| Untracked 
| 204|0x000000008cc00000, 0x000000008cd00000, 0x000000008cd00000|100%| O|Cm|TAMS 0x000000008cc00000| PB 0x000000008cc00000| Complete 
| 205|0x000000008cd00000, 0x000000008ce00000, 0x000000008ce00000|100%| O|  |TAMS 0x000000008cd00000| PB 0x000000008cd00000| Untracked 
| 206|0x000000008ce00000, 0x000000008cf00000, 0x000000008cf00000|100%| O|  |TAMS 0x000000008ce00000| PB 0x000000008ce00000| Untracked 
| 207|0x000000008cf00000, 0x000000008d000000, 0x000000008d000000|100%| O|  |TAMS 0x000000008cf00000| PB 0x000000008cf00000| Untracked 
| 208|0x000000008d000000, 0x000000008d100000, 0x000000008d100000|100%| O|  |TAMS 0x000000008d000000| PB 0x000000008d000000| Untracked 
| 209|0x000000008d100000, 0x000000008d200000, 0x000000008d200000|100%| O|  |TAMS 0x000000008d100000| PB 0x000000008d100000| Untracked 
| 210|0x000000008d200000, 0x000000008d300000, 0x000000008d300000|100%|HS|  |TAMS 0x000000008d200000| PB 0x000000008d200000| Complete 
| 211|0x000000008d300000, 0x000000008d400000, 0x000000008d400000|100%|HS|  |TAMS 0x000000008d300000| PB 0x000000008d300000| Complete 
| 212|0x000000008d400000, 0x000000008d500000, 0x000000008d500000|100%| O|Cm|TAMS 0x000000008d400000| PB 0x000000008d400000| Complete 
| 213|0x000000008d500000, 0x000000008d600000, 0x000000008d600000|100%| O|  |TAMS 0x000000008d500000| PB 0x000000008d500000| Untracked 
| 214|0x000000008d600000, 0x000000008d700000, 0x000000008d700000|100%| O|  |TAMS 0x000000008d600000| PB 0x000000008d600000| Untracked 
| 215|0x000000008d700000, 0x000000008d700000, 0x000000008d800000|  0%| F|  |TAMS 0x000000008d700000| PB 0x000000008d700000| Untracked 
| 216|0x000000008d800000, 0x000000008d900000, 0x000000008d900000|100%| O|  |TAMS 0x000000008d800000| PB 0x000000008d800000| Untracked 
| 217|0x000000008d900000, 0x000000008da00000, 0x000000008da00000|100%| O|  |TAMS 0x000000008d900000| PB 0x000000008d900000| Untracked 
| 218|0x000000008da00000, 0x000000008db00000, 0x000000008db00000|100%| O|  |TAMS 0x000000008da00000| PB 0x000000008da00000| Untracked 
| 219|0x000000008db00000, 0x000000008dc00000, 0x000000008dc00000|100%| O|Cm|TAMS 0x000000008db00000| PB 0x000000008db00000| Complete 
| 220|0x000000008dc00000, 0x000000008dd00000, 0x000000008dd00000|100%| O|Cm|TAMS 0x000000008dc00000| PB 0x000000008dc00000| Complete 
| 221|0x000000008dd00000, 0x000000008de00000, 0x000000008de00000|100%| O|Cm|TAMS 0x000000008dd00000| PB 0x000000008dd00000| Complete 
| 222|0x000000008de00000, 0x000000008df00000, 0x000000008df00000|100%| O|Cm|TAMS 0x000000008de00000| PB 0x000000008de00000| Complete 
| 223|0x000000008df00000, 0x000000008e000000, 0x000000008e000000|100%| O|Cm|TAMS 0x000000008df00000| PB 0x000000008df00000| Complete 
| 224|0x000000008e000000, 0x000000008e100000, 0x000000008e100000|100%| O|Cm|TAMS 0x000000008e000000| PB 0x000000008e000000| Complete 
| 225|0x000000008e100000, 0x000000008e200000, 0x000000008e200000|100%| O|Cm|TAMS 0x000000008e100000| PB 0x000000008e100000| Complete 
| 226|0x000000008e200000, 0x000000008e300000, 0x000000008e300000|100%| O|Cm|TAMS 0x000000008e200000| PB 0x000000008e200000| Complete 
| 227|0x000000008e300000, 0x000000008e400000, 0x000000008e400000|100%| O|Cm|TAMS 0x000000008e300000| PB 0x000000008e300000| Complete 
| 228|0x000000008e400000, 0x000000008e500000, 0x000000008e500000|100%| O|Cm|TAMS 0x000000008e400000| PB 0x000000008e400000| Complete 
| 229|0x000000008e500000, 0x000000008e600000, 0x000000008e600000|100%| O|Cm|TAMS 0x000000008e500000| PB 0x000000008e500000| Complete 
| 230|0x000000008e600000, 0x000000008e700000, 0x000000008e700000|100%| O|Cm|TAMS 0x000000008e600000| PB 0x000000008e600000| Complete 
| 231|0x000000008e700000, 0x000000008e800000, 0x000000008e800000|100%| O|Cm|TAMS 0x000000008e700000| PB 0x000000008e700000| Complete 
| 232|0x000000008e800000, 0x000000008e900000, 0x000000008e900000|100%| O|Cm|TAMS 0x000000008e800000| PB 0x000000008e800000| Complete 
| 233|0x000000008e900000, 0x000000008ea00000, 0x000000008ea00000|100%| O|Cm|TAMS 0x000000008e900000| PB 0x000000008e900000| Complete 
| 234|0x000000008ea00000, 0x000000008eb00000, 0x000000008eb00000|100%| O|Cm|TAMS 0x000000008ea00000| PB 0x000000008ea00000| Complete 
| 235|0x000000008eb00000, 0x000000008ec00000, 0x000000008ec00000|100%| O|  |TAMS 0x000000008eb00000| PB 0x000000008eb00000| Untracked 
| 236|0x000000008ec00000, 0x000000008ed00000, 0x000000008ed00000|100%| O|  |TAMS 0x000000008ec00000| PB 0x000000008ec00000| Untracked 
| 237|0x000000008ed00000, 0x000000008ee00000, 0x000000008ee00000|100%| O|  |TAMS 0x000000008ed00000| PB 0x000000008ed00000| Untracked 
| 238|0x000000008ee00000, 0x000000008ef00000, 0x000000008ef00000|100%| O|  |TAMS 0x000000008ee00000| PB 0x000000008ee00000| Untracked 
| 239|0x000000008ef00000, 0x000000008f000000, 0x000000008f000000|100%| O|  |TAMS 0x000000008ef00000| PB 0x000000008ef00000| Untracked 
| 240|0x000000008f000000, 0x000000008f100000, 0x000000008f100000|100%| O|  |TAMS 0x000000008f000000| PB 0x000000008f000000| Untracked 
| 241|0x000000008f100000, 0x000000008f200000, 0x000000008f200000|100%| O|  |TAMS 0x000000008f100000| PB 0x000000008f100000| Untracked 
| 242|0x000000008f200000, 0x000000008f300000, 0x000000008f300000|100%| O|  |TAMS 0x000000008f200000| PB 0x000000008f200000| Untracked 
| 243|0x000000008f300000, 0x000000008f400000, 0x000000008f400000|100%| O|  |TAMS 0x000000008f300000| PB 0x000000008f300000| Untracked 
| 244|0x000000008f400000, 0x000000008f500000, 0x000000008f500000|100%| O|  |TAMS 0x000000008f400000| PB 0x000000008f400000| Untracked 
| 245|0x000000008f500000, 0x000000008f600000, 0x000000008f600000|100%| O|  |TAMS 0x000000008f500000| PB 0x000000008f500000| Untracked 
| 246|0x000000008f600000, 0x000000008f700000, 0x000000008f700000|100%| O|  |TAMS 0x000000008f600000| PB 0x000000008f600000| Untracked 
| 247|0x000000008f700000, 0x000000008f800000, 0x000000008f800000|100%| O|  |TAMS 0x000000008f700000| PB 0x000000008f700000| Untracked 
| 248|0x000000008f800000, 0x000000008f900000, 0x000000008f900000|100%| O|  |TAMS 0x000000008f800000| PB 0x000000008f800000| Untracked 
| 249|0x000000008f900000, 0x000000008fa00000, 0x000000008fa00000|100%| O|  |TAMS 0x000000008f900000| PB 0x000000008f900000| Untracked 
| 250|0x000000008fa00000, 0x000000008fb00000, 0x000000008fb00000|100%| O|Cm|TAMS 0x000000008fa00000| PB 0x000000008fa00000| Complete 
| 251|0x000000008fb00000, 0x000000008fc00000, 0x000000008fc00000|100%| O|Cm|TAMS 0x000000008fb00000| PB 0x000000008fb00000| Complete 
| 252|0x000000008fc00000, 0x000000008fd00000, 0x000000008fd00000|100%| O|Cm|TAMS 0x000000008fc00000| PB 0x000000008fc00000| Complete 
| 253|0x000000008fd00000, 0x000000008fe00000, 0x000000008fe00000|100%|HS|  |TAMS 0x000000008fd00000| PB 0x000000008fd00000| Complete 
| 254|0x000000008fe00000, 0x000000008ff00000, 0x000000008ff00000|100%| O|  |TAMS 0x000000008fe00000| PB 0x000000008fe00000| Untracked 
| 255|0x000000008ff00000, 0x0000000090000000, 0x0000000090000000|100%| O|  |TAMS 0x000000008ff00000| PB 0x000000008ff00000| Untracked 
| 256|0x0000000090000000, 0x0000000090100000, 0x0000000090100000|100%| O|  |TAMS 0x0000000090000000| PB 0x0000000090000000| Untracked 
| 257|0x0000000090100000, 0x0000000090200000, 0x0000000090200000|100%| O|  |TAMS 0x0000000090100000| PB 0x0000000090100000| Untracked 
| 258|0x0000000090200000, 0x0000000090300000, 0x0000000090300000|100%|HS|  |TAMS 0x0000000090200000| PB 0x0000000090200000| Complete 
| 259|0x0000000090300000, 0x0000000090400000, 0x0000000090400000|100%|HC|  |TAMS 0x0000000090300000| PB 0x0000000090300000| Complete 
| 260|0x0000000090400000, 0x0000000090500000, 0x0000000090500000|100%|HS|  |TAMS 0x0000000090400000| PB 0x0000000090400000| Complete 
| 261|0x0000000090500000, 0x0000000090500000, 0x0000000090600000|  0%| F|  |TAMS 0x0000000090500000| PB 0x0000000090500000| Untracked 
| 262|0x0000000090600000, 0x0000000090700000, 0x0000000090700000|100%| O|  |TAMS 0x0000000090600000| PB 0x0000000090600000| Untracked 
| 263|0x0000000090700000, 0x0000000090800000, 0x0000000090800000|100%| O|  |TAMS 0x0000000090700000| PB 0x0000000090700000| Untracked 
| 264|0x0000000090800000, 0x0000000090900000, 0x0000000090900000|100%| O|  |TAMS 0x0000000090800000| PB 0x0000000090800000| Untracked 
| 265|0x0000000090900000, 0x0000000090a00000, 0x0000000090a00000|100%| O|  |TAMS 0x0000000090900000| PB 0x0000000090900000| Untracked 
| 266|0x0000000090a00000, 0x0000000090a00000, 0x0000000090b00000|  0%| F|  |TAMS 0x0000000090a00000| PB 0x0000000090a00000| Untracked 
| 267|0x0000000090b00000, 0x0000000090c00000, 0x0000000090c00000|100%| O|  |TAMS 0x0000000090b00000| PB 0x0000000090b00000| Untracked 
| 268|0x0000000090c00000, 0x0000000090d00000, 0x0000000090d00000|100%| O|Cm|TAMS 0x0000000090c00000| PB 0x0000000090c00000| Complete 
| 269|0x0000000090d00000, 0x0000000090e00000, 0x0000000090e00000|100%| O|Cm|TAMS 0x0000000090d00000| PB 0x0000000090d00000| Complete 
| 270|0x0000000090e00000, 0x0000000090f00000, 0x0000000090f00000|100%| O|Cm|TAMS 0x0000000090e00000| PB 0x0000000090e00000| Complete 
| 271|0x0000000090f00000, 0x0000000091000000, 0x0000000091000000|100%| O|  |TAMS 0x0000000090f00000| PB 0x0000000090f00000| Untracked 
| 272|0x0000000091000000, 0x0000000091000000, 0x0000000091100000|  0%| F|  |TAMS 0x0000000091000000| PB 0x0000000091000000| Untracked 
| 273|0x0000000091100000, 0x0000000091100000, 0x0000000091200000|  0%| F|  |TAMS 0x0000000091100000| PB 0x0000000091100000| Untracked 
| 274|0x0000000091200000, 0x0000000091300000, 0x0000000091300000|100%|HS|  |TAMS 0x0000000091200000| PB 0x0000000091200000| Complete 
| 275|0x0000000091300000, 0x0000000091400000, 0x0000000091400000|100%|HS|  |TAMS 0x0000000091300000| PB 0x0000000091300000| Complete 
| 276|0x0000000091400000, 0x0000000091500000, 0x0000000091500000|100%|HC|  |TAMS 0x0000000091400000| PB 0x0000000091400000| Complete 
| 277|0x0000000091500000, 0x0000000091600000, 0x0000000091600000|100%|HS|  |TAMS 0x0000000091500000| PB 0x0000000091500000| Complete 
| 278|0x0000000091600000, 0x0000000091700000, 0x0000000091700000|100%|HS|  |TAMS 0x0000000091600000| PB 0x0000000091600000| Complete 
| 279|0x0000000091700000, 0x0000000091800000, 0x0000000091800000|100%|HS|  |TAMS 0x0000000091700000| PB 0x0000000091700000| Complete 
| 280|0x0000000091800000, 0x0000000091900000, 0x0000000091900000|100%|HC|  |TAMS 0x0000000091800000| PB 0x0000000091800000| Complete 
| 281|0x0000000091900000, 0x0000000091a00000, 0x0000000091a00000|100%| O|Cm|TAMS 0x0000000091900000| PB 0x0000000091900000| Complete 
| 282|0x0000000091a00000, 0x0000000091b00000, 0x0000000091b00000|100%| O|Cm|TAMS 0x0000000091a00000| PB 0x0000000091a00000| Complete 
| 283|0x0000000091b00000, 0x0000000091c00000, 0x0000000091c00000|100%| O|  |TAMS 0x0000000091b00000| PB 0x0000000091b00000| Untracked 
| 284|0x0000000091c00000, 0x0000000091d00000, 0x0000000091d00000|100%| O|  |TAMS 0x0000000091c00000| PB 0x0000000091c00000| Untracked 
| 285|0x0000000091d00000, 0x0000000091e00000, 0x0000000091e00000|100%| O|  |TAMS 0x0000000091d00000| PB 0x0000000091d00000| Untracked 
| 286|0x0000000091e00000, 0x0000000091f00000, 0x0000000091f00000|100%| O|  |TAMS 0x0000000091e00000| PB 0x0000000091e00000| Untracked 
| 287|0x0000000091f00000, 0x0000000092000000, 0x0000000092000000|100%| O|  |TAMS 0x0000000091f00000| PB 0x0000000091f00000| Untracked 
| 288|0x0000000092000000, 0x0000000092100000, 0x0000000092100000|100%| O|  |TAMS 0x0000000092000000| PB 0x0000000092000000| Untracked 
| 289|0x0000000092100000, 0x0000000092200000, 0x0000000092200000|100%| O|  |TAMS 0x0000000092100000| PB 0x0000000092100000| Untracked 
| 290|0x0000000092200000, 0x0000000092300000, 0x0000000092300000|100%| O|Cm|TAMS 0x0000000092200000| PB 0x0000000092200000| Complete 
| 291|0x0000000092300000, 0x0000000092400000, 0x0000000092400000|100%| O|  |TAMS 0x0000000092300000| PB 0x0000000092300000| Untracked 
| 292|0x0000000092400000, 0x0000000092500000, 0x0000000092500000|100%| O|Cm|TAMS 0x0000000092400000| PB 0x0000000092400000| Complete 
| 293|0x0000000092500000, 0x0000000092600000, 0x0000000092600000|100%| O|Cm|TAMS 0x0000000092500000| PB 0x0000000092500000| Complete 
| 294|0x0000000092600000, 0x0000000092700000, 0x0000000092700000|100%| O|Cm|TAMS 0x0000000092600000| PB 0x0000000092600000| Complete 
| 295|0x0000000092700000, 0x0000000092800000, 0x0000000092800000|100%|HS|  |TAMS 0x0000000092700000| PB 0x0000000092700000| Complete 
| 296|0x0000000092800000, 0x0000000092900000, 0x0000000092900000|100%|HC|  |TAMS 0x0000000092800000| PB 0x0000000092800000| Complete 
| 297|0x0000000092900000, 0x0000000092a00000, 0x0000000092a00000|100%|HC|  |TAMS 0x0000000092900000| PB 0x0000000092900000| Complete 
| 298|0x0000000092a00000, 0x0000000092b00000, 0x0000000092b00000|100%|HC|  |TAMS 0x0000000092a00000| PB 0x0000000092a00000| Complete 
| 299|0x0000000092b00000, 0x0000000092c00000, 0x0000000092c00000|100%|HC|  |TAMS 0x0000000092b00000| PB 0x0000000092b00000| Complete 
| 300|0x0000000092c00000, 0x0000000092d00000, 0x0000000092d00000|100%|HC|  |TAMS 0x0000000092c00000| PB 0x0000000092c00000| Complete 
| 301|0x0000000092d00000, 0x0000000092e00000, 0x0000000092e00000|100%|HC|  |TAMS 0x0000000092d00000| PB 0x0000000092d00000| Complete 
| 302|0x0000000092e00000, 0x0000000092f00000, 0x0000000092f00000|100%|HC|  |TAMS 0x0000000092e00000| PB 0x0000000092e00000| Complete 
| 303|0x0000000092f00000, 0x0000000093000000, 0x0000000093000000|100%|HC|  |TAMS 0x0000000092f00000| PB 0x0000000092f00000| Complete 
| 304|0x0000000093000000, 0x0000000093100000, 0x0000000093100000|100%|HC|  |TAMS 0x0000000093000000| PB 0x0000000093000000| Complete 
| 305|0x0000000093100000, 0x0000000093100000, 0x0000000093200000|  0%| F|  |TAMS 0x0000000093100000| PB 0x0000000093100000| Untracked 
| 306|0x0000000093200000, 0x0000000093200000, 0x0000000093300000|  0%| F|  |TAMS 0x0000000093200000| PB 0x0000000093200000| Untracked 
| 307|0x0000000093300000, 0x0000000093300000, 0x0000000093400000|  0%| F|  |TAMS 0x0000000093300000| PB 0x0000000093300000| Untracked 
| 308|0x0000000093400000, 0x0000000093400000, 0x0000000093500000|  0%| F|  |TAMS 0x0000000093400000| PB 0x0000000093400000| Untracked 
| 309|0x0000000093500000, 0x0000000093500000, 0x0000000093600000|  0%| F|  |TAMS 0x0000000093500000| PB 0x0000000093500000| Untracked 
| 310|0x0000000093600000, 0x0000000093600000, 0x0000000093700000|  0%| F|  |TAMS 0x0000000093600000| PB 0x0000000093600000| Untracked 
| 311|0x0000000093700000, 0x0000000093700000, 0x0000000093800000|  0%| F|  |TAMS 0x0000000093700000| PB 0x0000000093700000| Untracked 
| 312|0x0000000093800000, 0x0000000093800000, 0x0000000093900000|  0%| F|  |TAMS 0x0000000093800000| PB 0x0000000093800000| Untracked 
| 313|0x0000000093900000, 0x0000000093900000, 0x0000000093a00000|  0%| F|  |TAMS 0x0000000093900000| PB 0x0000000093900000| Untracked 
| 314|0x0000000093a00000, 0x0000000093a00000, 0x0000000093b00000|  0%| F|  |TAMS 0x0000000093a00000| PB 0x0000000093a00000| Untracked 
| 315|0x0000000093b00000, 0x0000000093b00000, 0x0000000093c00000|  0%| F|  |TAMS 0x0000000093b00000| PB 0x0000000093b00000| Untracked 
| 316|0x0000000093c00000, 0x0000000093d00000, 0x0000000093d00000|100%| O|  |TAMS 0x0000000093c00000| PB 0x0000000093c00000| Untracked 
| 317|0x0000000093d00000, 0x0000000093e00000, 0x0000000093e00000|100%| O|  |TAMS 0x0000000093d00000| PB 0x0000000093d00000| Untracked 
| 318|0x0000000093e00000, 0x0000000093e00000, 0x0000000093f00000|  0%| F|  |TAMS 0x0000000093e00000| PB 0x0000000093e00000| Untracked 
| 319|0x0000000093f00000, 0x0000000093f00000, 0x0000000094000000|  0%| F|  |TAMS 0x0000000093f00000| PB 0x0000000093f00000| Untracked 
| 320|0x0000000094000000, 0x0000000094000000, 0x0000000094100000|  0%| F|  |TAMS 0x0000000094000000| PB 0x0000000094000000| Untracked 
| 321|0x0000000094100000, 0x0000000094100000, 0x0000000094200000|  0%| F|  |TAMS 0x0000000094100000| PB 0x0000000094100000| Untracked 
| 322|0x0000000094200000, 0x0000000094200000, 0x0000000094300000|  0%| F|  |TAMS 0x0000000094200000| PB 0x0000000094200000| Untracked 
| 323|0x0000000094300000, 0x0000000094300000, 0x0000000094400000|  0%| F|  |TAMS 0x0000000094300000| PB 0x0000000094300000| Untracked 
| 324|0x0000000094400000, 0x0000000094400000, 0x0000000094500000|  0%| F|  |TAMS 0x0000000094400000| PB 0x0000000094400000| Untracked 
| 325|0x0000000094500000, 0x0000000094500000, 0x0000000094600000|  0%| F|  |TAMS 0x0000000094500000| PB 0x0000000094500000| Untracked 
| 326|0x0000000094600000, 0x0000000094600000, 0x0000000094700000|  0%| F|  |TAMS 0x0000000094600000| PB 0x0000000094600000| Untracked 
| 327|0x0000000094700000, 0x0000000094700000, 0x0000000094800000|  0%| F|  |TAMS 0x0000000094700000| PB 0x0000000094700000| Untracked 
| 328|0x0000000094800000, 0x0000000094800000, 0x0000000094900000|  0%| F|  |TAMS 0x0000000094800000| PB 0x0000000094800000| Untracked 
| 329|0x0000000094900000, 0x0000000094900000, 0x0000000094a00000|  0%| F|  |TAMS 0x0000000094900000| PB 0x0000000094900000| Untracked 
| 330|0x0000000094a00000, 0x0000000094a00000, 0x0000000094b00000|  0%| F|  |TAMS 0x0000000094a00000| PB 0x0000000094a00000| Untracked 
| 331|0x0000000094b00000, 0x0000000094b00000, 0x0000000094c00000|  0%| F|  |TAMS 0x0000000094b00000| PB 0x0000000094b00000| Untracked 
| 332|0x0000000094c00000, 0x0000000094c00000, 0x0000000094d00000|  0%| F|  |TAMS 0x0000000094c00000| PB 0x0000000094c00000| Untracked 
| 333|0x0000000094d00000, 0x0000000094d00000, 0x0000000094e00000|  0%| F|  |TAMS 0x0000000094d00000| PB 0x0000000094d00000| Untracked 
| 334|0x0000000094e00000, 0x0000000094e00000, 0x0000000094f00000|  0%| F|  |TAMS 0x0000000094e00000| PB 0x0000000094e00000| Untracked 
| 335|0x0000000094f00000, 0x0000000094f00000, 0x0000000095000000|  0%| F|  |TAMS 0x0000000094f00000| PB 0x0000000094f00000| Untracked 
| 336|0x0000000095000000, 0x0000000095000000, 0x0000000095100000|  0%| F|  |TAMS 0x0000000095000000| PB 0x0000000095000000| Untracked 
| 337|0x0000000095100000, 0x0000000095100000, 0x0000000095200000|  0%| F|  |TAMS 0x0000000095100000| PB 0x0000000095100000| Untracked 
| 338|0x0000000095200000, 0x0000000095200000, 0x0000000095300000|  0%| F|  |TAMS 0x0000000095200000| PB 0x0000000095200000| Untracked 
| 339|0x0000000095300000, 0x0000000095300000, 0x0000000095400000|  0%| F|  |TAMS 0x0000000095300000| PB 0x0000000095300000| Untracked 
| 340|0x0000000095400000, 0x0000000095400000, 0x0000000095500000|  0%| F|  |TAMS 0x0000000095400000| PB 0x0000000095400000| Untracked 
| 341|0x0000000095500000, 0x0000000095500000, 0x0000000095600000|  0%| F|  |TAMS 0x0000000095500000| PB 0x0000000095500000| Untracked 
| 342|0x0000000095600000, 0x0000000095600000, 0x0000000095700000|  0%| F|  |TAMS 0x0000000095600000| PB 0x0000000095600000| Untracked 
| 343|0x0000000095700000, 0x0000000095700000, 0x0000000095800000|  0%| F|  |TAMS 0x0000000095700000| PB 0x0000000095700000| Untracked 
| 344|0x0000000095800000, 0x0000000095800000, 0x0000000095900000|  0%| F|  |TAMS 0x0000000095800000| PB 0x0000000095800000| Untracked 
| 345|0x0000000095900000, 0x0000000095900000, 0x0000000095a00000|  0%| F|  |TAMS 0x0000000095900000| PB 0x0000000095900000| Untracked 
| 346|0x0000000095a00000, 0x0000000095a00000, 0x0000000095b00000|  0%| F|  |TAMS 0x0000000095a00000| PB 0x0000000095a00000| Untracked 
| 347|0x0000000095b00000, 0x0000000095b00000, 0x0000000095c00000|  0%| F|  |TAMS 0x0000000095b00000| PB 0x0000000095b00000| Untracked 
| 348|0x0000000095c00000, 0x0000000095c00000, 0x0000000095d00000|  0%| F|  |TAMS 0x0000000095c00000| PB 0x0000000095c00000| Untracked 
| 349|0x0000000095d00000, 0x0000000095d00000, 0x0000000095e00000|  0%| F|  |TAMS 0x0000000095d00000| PB 0x0000000095d00000| Untracked 
| 350|0x0000000095e00000, 0x0000000095e00000, 0x0000000095f00000|  0%| F|  |TAMS 0x0000000095e00000| PB 0x0000000095e00000| Untracked 
| 351|0x0000000095f00000, 0x0000000095f00000, 0x0000000096000000|  0%| F|  |TAMS 0x0000000095f00000| PB 0x0000000095f00000| Untracked 
| 352|0x0000000096000000, 0x0000000096000000, 0x0000000096100000|  0%| F|  |TAMS 0x0000000096000000| PB 0x0000000096000000| Untracked 
| 353|0x0000000096100000, 0x0000000096100000, 0x0000000096200000|  0%| F|  |TAMS 0x0000000096100000| PB 0x0000000096100000| Untracked 
| 354|0x0000000096200000, 0x0000000096200000, 0x0000000096300000|  0%| F|  |TAMS 0x0000000096200000| PB 0x0000000096200000| Untracked 
| 355|0x0000000096300000, 0x0000000096300000, 0x0000000096400000|  0%| F|  |TAMS 0x0000000096300000| PB 0x0000000096300000| Untracked 
| 356|0x0000000096400000, 0x0000000096400000, 0x0000000096500000|  0%| F|  |TAMS 0x0000000096400000| PB 0x0000000096400000| Untracked 
| 357|0x0000000096500000, 0x0000000096500000, 0x0000000096600000|  0%| F|  |TAMS 0x0000000096500000| PB 0x0000000096500000| Untracked 
| 358|0x0000000096600000, 0x0000000096600000, 0x0000000096700000|  0%| F|  |TAMS 0x0000000096600000| PB 0x0000000096600000| Untracked 
| 359|0x0000000096700000, 0x0000000096700000, 0x0000000096800000|  0%| F|  |TAMS 0x0000000096700000| PB 0x0000000096700000| Untracked 
| 360|0x0000000096800000, 0x0000000096800000, 0x0000000096900000|  0%| F|  |TAMS 0x0000000096800000| PB 0x0000000096800000| Untracked 
| 361|0x0000000096900000, 0x0000000096900000, 0x0000000096a00000|  0%| F|  |TAMS 0x0000000096900000| PB 0x0000000096900000| Untracked 
| 362|0x0000000096a00000, 0x0000000096a00000, 0x0000000096b00000|  0%| F|  |TAMS 0x0000000096a00000| PB 0x0000000096a00000| Untracked 
| 363|0x0000000096b00000, 0x0000000096b00000, 0x0000000096c00000|  0%| F|  |TAMS 0x0000000096b00000| PB 0x0000000096b00000| Untracked 
| 364|0x0000000096c00000, 0x0000000096c00000, 0x0000000096d00000|  0%| F|  |TAMS 0x0000000096c00000| PB 0x0000000096c00000| Untracked 
| 365|0x0000000096d00000, 0x0000000096d00000, 0x0000000096e00000|  0%| F|  |TAMS 0x0000000096d00000| PB 0x0000000096d00000| Untracked 
| 366|0x0000000096e00000, 0x0000000096e00000, 0x0000000096f00000|  0%| F|  |TAMS 0x0000000096e00000| PB 0x0000000096e00000| Untracked 
| 367|0x0000000096f00000, 0x0000000096f00000, 0x0000000097000000|  0%| F|  |TAMS 0x0000000096f00000| PB 0x0000000096f00000| Untracked 
| 368|0x0000000097000000, 0x0000000097000000, 0x0000000097100000|  0%| F|  |TAMS 0x0000000097000000| PB 0x0000000097000000| Untracked 
| 369|0x0000000097100000, 0x0000000097100000, 0x0000000097200000|  0%| F|  |TAMS 0x0000000097100000| PB 0x0000000097100000| Untracked 
| 370|0x0000000097200000, 0x0000000097200000, 0x0000000097300000|  0%| F|  |TAMS 0x0000000097200000| PB 0x0000000097200000| Untracked 
| 371|0x0000000097300000, 0x0000000097300000, 0x0000000097400000|  0%| F|  |TAMS 0x0000000097300000| PB 0x0000000097300000| Untracked 
| 372|0x0000000097400000, 0x0000000097400000, 0x0000000097500000|  0%| F|  |TAMS 0x0000000097400000| PB 0x0000000097400000| Untracked 
| 373|0x0000000097500000, 0x0000000097500000, 0x0000000097600000|  0%| F|  |TAMS 0x0000000097500000| PB 0x0000000097500000| Untracked 
| 374|0x0000000097600000, 0x0000000097600000, 0x0000000097700000|  0%| F|  |TAMS 0x0000000097600000| PB 0x0000000097600000| Untracked 
| 375|0x0000000097700000, 0x0000000097700000, 0x0000000097800000|  0%| F|  |TAMS 0x0000000097700000| PB 0x0000000097700000| Untracked 
| 376|0x0000000097800000, 0x0000000097800000, 0x0000000097900000|  0%| F|  |TAMS 0x0000000097800000| PB 0x0000000097800000| Untracked 
| 377|0x0000000097900000, 0x0000000097900000, 0x0000000097a00000|  0%| F|  |TAMS 0x0000000097900000| PB 0x0000000097900000| Untracked 
| 378|0x0000000097a00000, 0x0000000097a00000, 0x0000000097b00000|  0%| F|  |TAMS 0x0000000097a00000| PB 0x0000000097a00000| Untracked 
| 379|0x0000000097b00000, 0x0000000097b00000, 0x0000000097c00000|  0%| F|  |TAMS 0x0000000097b00000| PB 0x0000000097b00000| Untracked 
| 380|0x0000000097c00000, 0x0000000097c00000, 0x0000000097d00000|  0%| F|  |TAMS 0x0000000097c00000| PB 0x0000000097c00000| Untracked 
| 381|0x0000000097d00000, 0x0000000097d00000, 0x0000000097e00000|  0%| F|  |TAMS 0x0000000097d00000| PB 0x0000000097d00000| Untracked 
| 382|0x0000000097e00000, 0x0000000097e00000, 0x0000000097f00000|  0%| F|  |TAMS 0x0000000097e00000| PB 0x0000000097e00000| Untracked 
| 383|0x0000000097f00000, 0x0000000097f00000, 0x0000000098000000|  0%| F|  |TAMS 0x0000000097f00000| PB 0x0000000097f00000| Untracked 
| 384|0x0000000098000000, 0x0000000098000000, 0x0000000098100000|  0%| F|  |TAMS 0x0000000098000000| PB 0x0000000098000000| Untracked 
| 385|0x0000000098100000, 0x0000000098100000, 0x0000000098200000|  0%| F|  |TAMS 0x0000000098100000| PB 0x0000000098100000| Untracked 
| 386|0x0000000098200000, 0x0000000098200000, 0x0000000098300000|  0%| F|  |TAMS 0x0000000098200000| PB 0x0000000098200000| Untracked 
| 387|0x0000000098300000, 0x0000000098300000, 0x0000000098400000|  0%| F|  |TAMS 0x0000000098300000| PB 0x0000000098300000| Untracked 
| 388|0x0000000098400000, 0x0000000098400000, 0x0000000098500000|  0%| F|  |TAMS 0x0000000098400000| PB 0x0000000098400000| Untracked 
| 389|0x0000000098500000, 0x0000000098500000, 0x0000000098600000|  0%| F|  |TAMS 0x0000000098500000| PB 0x0000000098500000| Untracked 
| 390|0x0000000098600000, 0x0000000098600000, 0x0000000098700000|  0%| F|  |TAMS 0x0000000098600000| PB 0x0000000098600000| Untracked 
| 391|0x0000000098700000, 0x0000000098700000, 0x0000000098800000|  0%| F|  |TAMS 0x0000000098700000| PB 0x0000000098700000| Untracked 
| 392|0x0000000098800000, 0x0000000098800000, 0x0000000098900000|  0%| F|  |TAMS 0x0000000098800000| PB 0x0000000098800000| Untracked 
| 393|0x0000000098900000, 0x0000000098900000, 0x0000000098a00000|  0%| F|  |TAMS 0x0000000098900000| PB 0x0000000098900000| Untracked 
| 394|0x0000000098a00000, 0x0000000098a00000, 0x0000000098b00000|  0%| F|  |TAMS 0x0000000098a00000| PB 0x0000000098a00000| Untracked 
| 395|0x0000000098b00000, 0x0000000098b00000, 0x0000000098c00000|  0%| F|  |TAMS 0x0000000098b00000| PB 0x0000000098b00000| Untracked 
| 396|0x0000000098c00000, 0x0000000098c00000, 0x0000000098d00000|  0%| F|  |TAMS 0x0000000098c00000| PB 0x0000000098c00000| Untracked 
| 397|0x0000000098d00000, 0x0000000098d00000, 0x0000000098e00000|  0%| F|  |TAMS 0x0000000098d00000| PB 0x0000000098d00000| Untracked 
| 398|0x0000000098e00000, 0x0000000098e00000, 0x0000000098f00000|  0%| F|  |TAMS 0x0000000098e00000| PB 0x0000000098e00000| Untracked 
| 399|0x0000000098f00000, 0x0000000098f00000, 0x0000000099000000|  0%| F|  |TAMS 0x0000000098f00000| PB 0x0000000098f00000| Untracked 
| 400|0x0000000099000000, 0x0000000099000000, 0x0000000099100000|  0%| F|  |TAMS 0x0000000099000000| PB 0x0000000099000000| Untracked 
| 401|0x0000000099100000, 0x0000000099100000, 0x0000000099200000|  0%| F|  |TAMS 0x0000000099100000| PB 0x0000000099100000| Untracked 
| 402|0x0000000099200000, 0x0000000099200000, 0x0000000099300000|  0%| F|  |TAMS 0x0000000099200000| PB 0x0000000099200000| Untracked 
| 403|0x0000000099300000, 0x0000000099300000, 0x0000000099400000|  0%| F|  |TAMS 0x0000000099300000| PB 0x0000000099300000| Untracked 
| 404|0x0000000099400000, 0x0000000099400000, 0x0000000099500000|  0%| F|  |TAMS 0x0000000099400000| PB 0x0000000099400000| Untracked 
| 405|0x0000000099500000, 0x0000000099500000, 0x0000000099600000|  0%| F|  |TAMS 0x0000000099500000| PB 0x0000000099500000| Untracked 
| 406|0x0000000099600000, 0x0000000099600000, 0x0000000099700000|  0%| F|  |TAMS 0x0000000099600000| PB 0x0000000099600000| Untracked 
| 407|0x0000000099700000, 0x0000000099700000, 0x0000000099800000|  0%| F|  |TAMS 0x0000000099700000| PB 0x0000000099700000| Untracked 
| 408|0x0000000099800000, 0x0000000099800000, 0x0000000099900000|  0%| F|  |TAMS 0x0000000099800000| PB 0x0000000099800000| Untracked 
| 409|0x0000000099900000, 0x0000000099900000, 0x0000000099a00000|  0%| F|  |TAMS 0x0000000099900000| PB 0x0000000099900000| Untracked 
| 410|0x0000000099a00000, 0x0000000099a00000, 0x0000000099b00000|  0%| F|  |TAMS 0x0000000099a00000| PB 0x0000000099a00000| Untracked 
| 411|0x0000000099b00000, 0x0000000099b00000, 0x0000000099c00000|  0%| F|  |TAMS 0x0000000099b00000| PB 0x0000000099b00000| Untracked 
| 412|0x0000000099c00000, 0x0000000099c00000, 0x0000000099d00000|  0%| F|  |TAMS 0x0000000099c00000| PB 0x0000000099c00000| Untracked 
| 413|0x0000000099d00000, 0x0000000099d00000, 0x0000000099e00000|  0%| F|  |TAMS 0x0000000099d00000| PB 0x0000000099d00000| Untracked 
| 414|0x0000000099e00000, 0x0000000099e00000, 0x0000000099f00000|  0%| F|  |TAMS 0x0000000099e00000| PB 0x0000000099e00000| Untracked 
| 415|0x0000000099f00000, 0x0000000099f00000, 0x000000009a000000|  0%| F|  |TAMS 0x0000000099f00000| PB 0x0000000099f00000| Untracked 
| 416|0x000000009a000000, 0x000000009a000000, 0x000000009a100000|  0%| F|  |TAMS 0x000000009a000000| PB 0x000000009a000000| Untracked 
| 417|0x000000009a100000, 0x000000009a100000, 0x000000009a200000|  0%| F|  |TAMS 0x000000009a100000| PB 0x000000009a100000| Untracked 
| 418|0x000000009a200000, 0x000000009a200000, 0x000000009a300000|  0%| F|  |TAMS 0x000000009a200000| PB 0x000000009a200000| Untracked 
| 419|0x000000009a300000, 0x000000009a300000, 0x000000009a400000|  0%| F|  |TAMS 0x000000009a300000| PB 0x000000009a300000| Untracked 
| 420|0x000000009a400000, 0x000000009a440010, 0x000000009a500000| 25%| S|CS|TAMS 0x000000009a400000| PB 0x000000009a400000| Complete 
| 421|0x000000009a500000, 0x000000009a600000, 0x000000009a600000|100%| S|CS|TAMS 0x000000009a500000| PB 0x000000009a500000| Complete 
| 422|0x000000009a600000, 0x000000009a700000, 0x000000009a700000|100%| S|CS|TAMS 0x000000009a600000| PB 0x000000009a600000| Complete 
| 423|0x000000009a700000, 0x000000009a800000, 0x000000009a800000|100%| S|CS|TAMS 0x000000009a700000| PB 0x000000009a700000| Complete 
| 424|0x000000009a800000, 0x000000009a900000, 0x000000009a900000|100%| S|CS|TAMS 0x000000009a800000| PB 0x000000009a800000| Complete 
| 425|0x000000009a900000, 0x000000009aa00000, 0x000000009aa00000|100%| S|CS|TAMS 0x000000009a900000| PB 0x000000009a900000| Complete 
| 426|0x000000009aa00000, 0x000000009aa96370, 0x000000009ab00000| 58%| E|  |TAMS 0x000000009aa00000| PB 0x000000009aa00000| Complete 
| 427|0x000000009ab00000, 0x000000009ac00000, 0x000000009ac00000|100%| E|CS|TAMS 0x000000009ab00000| PB 0x000000009ab00000| Complete 
| 428|0x000000009ac00000, 0x000000009ad00000, 0x000000009ad00000|100%| E|CS|TAMS 0x000000009ac00000| PB 0x000000009ac00000| Complete 
| 429|0x000000009ad00000, 0x000000009ae00000, 0x000000009ae00000|100%| E|CS|TAMS 0x000000009ad00000| PB 0x000000009ad00000| Complete 
| 430|0x000000009ae00000, 0x000000009af00000, 0x000000009af00000|100%| E|CS|TAMS 0x000000009ae00000| PB 0x000000009ae00000| Complete 
| 431|0x000000009af00000, 0x000000009b000000, 0x000000009b000000|100%| E|CS|TAMS 0x000000009af00000| PB 0x000000009af00000| Complete 
| 432|0x000000009b000000, 0x000000009b100000, 0x000000009b100000|100%| E|CS|TAMS 0x000000009b000000| PB 0x000000009b000000| Complete 
| 433|0x000000009b100000, 0x000000009b200000, 0x000000009b200000|100%| E|CS|TAMS 0x000000009b100000| PB 0x000000009b100000| Complete 
| 434|0x000000009b200000, 0x000000009b300000, 0x000000009b300000|100%| E|CS|TAMS 0x000000009b200000| PB 0x000000009b200000| Complete 
| 435|0x000000009b300000, 0x000000009b400000, 0x000000009b400000|100%| E|CS|TAMS 0x000000009b300000| PB 0x000000009b300000| Complete 
| 436|0x000000009b400000, 0x000000009b500000, 0x000000009b500000|100%| E|  |TAMS 0x000000009b400000| PB 0x000000009b400000| Complete 
| 437|0x000000009b500000, 0x000000009b600000, 0x000000009b600000|100%| E|CS|TAMS 0x000000009b500000| PB 0x000000009b500000| Complete 
| 438|0x000000009b600000, 0x000000009b700000, 0x000000009b700000|100%| E|CS|TAMS 0x000000009b600000| PB 0x000000009b600000| Complete 
| 439|0x000000009b700000, 0x000000009b800000, 0x000000009b800000|100%| E|CS|TAMS 0x000000009b700000| PB 0x000000009b700000| Complete 
| 440|0x000000009b800000, 0x000000009b900000, 0x000000009b900000|100%| E|CS|TAMS 0x000000009b800000| PB 0x000000009b800000| Complete 
| 441|0x000000009b900000, 0x000000009ba00000, 0x000000009ba00000|100%| E|CS|TAMS 0x000000009b900000| PB 0x000000009b900000| Complete 
| 442|0x000000009ba00000, 0x000000009bb00000, 0x000000009bb00000|100%| E|CS|TAMS 0x000000009ba00000| PB 0x000000009ba00000| Complete 
| 443|0x000000009bb00000, 0x000000009bc00000, 0x000000009bc00000|100%| E|CS|TAMS 0x000000009bb00000| PB 0x000000009bb00000| Complete 
| 444|0x000000009bc00000, 0x000000009bd00000, 0x000000009bd00000|100%| E|CS|TAMS 0x000000009bc00000| PB 0x000000009bc00000| Complete 
| 445|0x000000009bd00000, 0x000000009be00000, 0x000000009be00000|100%| E|CS|TAMS 0x000000009bd00000| PB 0x000000009bd00000| Complete 
| 446|0x000000009be00000, 0x000000009bf00000, 0x000000009bf00000|100%| E|CS|TAMS 0x000000009be00000| PB 0x000000009be00000| Complete 
| 447|0x000000009bf00000, 0x000000009c000000, 0x000000009c000000|100%| E|CS|TAMS 0x000000009bf00000| PB 0x000000009bf00000| Complete 
| 448|0x000000009c000000, 0x000000009c100000, 0x000000009c100000|100%| E|CS|TAMS 0x000000009c000000| PB 0x000000009c000000| Complete 
| 449|0x000000009c100000, 0x000000009c200000, 0x000000009c200000|100%| E|CS|TAMS 0x000000009c100000| PB 0x000000009c100000| Complete 
| 450|0x000000009c200000, 0x000000009c300000, 0x000000009c300000|100%| E|CS|TAMS 0x000000009c200000| PB 0x000000009c200000| Complete 
| 451|0x000000009c300000, 0x000000009c400000, 0x000000009c400000|100%| E|CS|TAMS 0x000000009c300000| PB 0x000000009c300000| Complete 
| 452|0x000000009c400000, 0x000000009c500000, 0x000000009c500000|100%| E|CS|TAMS 0x000000009c400000| PB 0x000000009c400000| Complete 
| 453|0x000000009c500000, 0x000000009c600000, 0x000000009c600000|100%| E|CS|TAMS 0x000000009c500000| PB 0x000000009c500000| Complete 
| 454|0x000000009c600000, 0x000000009c700000, 0x000000009c700000|100%| E|CS|TAMS 0x000000009c600000| PB 0x000000009c600000| Complete 
| 455|0x000000009c700000, 0x000000009c800000, 0x000000009c800000|100%| E|CS|TAMS 0x000000009c700000| PB 0x000000009c700000| Complete 
| 456|0x000000009c800000, 0x000000009c900000, 0x000000009c900000|100%| E|CS|TAMS 0x000000009c800000| PB 0x000000009c800000| Complete 
| 457|0x000000009c900000, 0x000000009ca00000, 0x000000009ca00000|100%| E|CS|TAMS 0x000000009c900000| PB 0x000000009c900000| Complete 
| 458|0x000000009ca00000, 0x000000009cb00000, 0x000000009cb00000|100%| E|CS|TAMS 0x000000009ca00000| PB 0x000000009ca00000| Complete 
| 459|0x000000009cb00000, 0x000000009cc00000, 0x000000009cc00000|100%| E|CS|TAMS 0x000000009cb00000| PB 0x000000009cb00000| Complete 
| 460|0x000000009cc00000, 0x000000009cd00000, 0x000000009cd00000|100%| E|CS|TAMS 0x000000009cc00000| PB 0x000000009cc00000| Complete 
| 461|0x000000009cd00000, 0x000000009ce00000, 0x000000009ce00000|100%| E|CS|TAMS 0x000000009cd00000| PB 0x000000009cd00000| Complete 
| 462|0x000000009ce00000, 0x000000009cf00000, 0x000000009cf00000|100%| E|CS|TAMS 0x000000009ce00000| PB 0x000000009ce00000| Complete 
| 463|0x000000009cf00000, 0x000000009d000000, 0x000000009d000000|100%| E|CS|TAMS 0x000000009cf00000| PB 0x000000009cf00000| Complete 
| 464|0x000000009d000000, 0x000000009d100000, 0x000000009d100000|100%| E|CS|TAMS 0x000000009d000000| PB 0x000000009d000000| Complete 
| 465|0x000000009d100000, 0x000000009d200000, 0x000000009d200000|100%| E|CS|TAMS 0x000000009d100000| PB 0x000000009d100000| Complete 
| 466|0x000000009d200000, 0x000000009d300000, 0x000000009d300000|100%| E|CS|TAMS 0x000000009d200000| PB 0x000000009d200000| Complete 
| 467|0x000000009d300000, 0x000000009d400000, 0x000000009d400000|100%| E|CS|TAMS 0x000000009d300000| PB 0x000000009d300000| Complete 
| 468|0x000000009d400000, 0x000000009d500000, 0x000000009d500000|100%| E|CS|TAMS 0x000000009d400000| PB 0x000000009d400000| Complete 
| 469|0x000000009d500000, 0x000000009d600000, 0x000000009d600000|100%| E|CS|TAMS 0x000000009d500000| PB 0x000000009d500000| Complete 
| 470|0x000000009d600000, 0x000000009d700000, 0x000000009d700000|100%| E|CS|TAMS 0x000000009d600000| PB 0x000000009d600000| Complete 
| 471|0x000000009d700000, 0x000000009d800000, 0x000000009d800000|100%| E|CS|TAMS 0x000000009d700000| PB 0x000000009d700000| Complete 
| 472|0x000000009d800000, 0x000000009d900000, 0x000000009d900000|100%| E|CS|TAMS 0x000000009d800000| PB 0x000000009d800000| Complete 
| 473|0x000000009d900000, 0x000000009da00000, 0x000000009da00000|100%| E|CS|TAMS 0x000000009d900000| PB 0x000000009d900000| Complete 
| 474|0x000000009da00000, 0x000000009db00000, 0x000000009db00000|100%| E|CS|TAMS 0x000000009da00000| PB 0x000000009da00000| Complete 
|1984|0x00000000fc000000, 0x00000000fc100000, 0x00000000fc100000|100%| O|Cm|TAMS 0x00000000fc000000| PB 0x00000000fc000000| Complete 
|1985|0x00000000fc100000, 0x00000000fc200000, 0x00000000fc200000|100%| O|  |TAMS 0x00000000fc100000| PB 0x00000000fc100000| Untracked 
|1986|0x00000000fc200000, 0x00000000fc300000, 0x00000000fc300000|100%| E|CS|TAMS 0x00000000fc200000| PB 0x00000000fc200000| Complete 
|1987|0x00000000fc300000, 0x00000000fc400000, 0x00000000fc400000|100%| E|CS|TAMS 0x00000000fc300000| PB 0x00000000fc300000| Complete 
|1988|0x00000000fc400000, 0x00000000fc500000, 0x00000000fc500000|100%| O|Cm|TAMS 0x00000000fc400000| PB 0x00000000fc400000| Complete 
|1989|0x00000000fc500000, 0x00000000fc600000, 0x00000000fc600000|100%| E|CS|TAMS 0x00000000fc500000| PB 0x00000000fc500000| Complete 
|1990|0x00000000fc600000, 0x00000000fc700000, 0x00000000fc700000|100%| E|CS|TAMS 0x00000000fc600000| PB 0x00000000fc600000| Complete 
|1991|0x00000000fc700000, 0x00000000fc800000, 0x00000000fc800000|100%| E|CS|TAMS 0x00000000fc700000| PB 0x00000000fc700000| Complete 
|1992|0x00000000fc800000, 0x00000000fc900000, 0x00000000fc900000|100%| E|CS|TAMS 0x00000000fc800000| PB 0x00000000fc800000| Complete 
|1993|0x00000000fc900000, 0x00000000fca00000, 0x00000000fca00000|100%| E|CS|TAMS 0x00000000fc900000| PB 0x00000000fc900000| Complete 
|1994|0x00000000fca00000, 0x00000000fcb00000, 0x00000000fcb00000|100%| E|CS|TAMS 0x00000000fca00000| PB 0x00000000fca00000| Complete 
|1995|0x00000000fcb00000, 0x00000000fcc00000, 0x00000000fcc00000|100%| E|CS|TAMS 0x00000000fcb00000| PB 0x00000000fcb00000| Complete 
|1996|0x00000000fcc00000, 0x00000000fcd00000, 0x00000000fcd00000|100%| E|CS|TAMS 0x00000000fcc00000| PB 0x00000000fcc00000| Complete 
|1997|0x00000000fcd00000, 0x00000000fce00000, 0x00000000fce00000|100%| E|CS|TAMS 0x00000000fcd00000| PB 0x00000000fcd00000| Complete 
|1998|0x00000000fce00000, 0x00000000fcf00000, 0x00000000fcf00000|100%| E|CS|TAMS 0x00000000fce00000| PB 0x00000000fce00000| Complete 
|1999|0x00000000fcf00000, 0x00000000fd000000, 0x00000000fd000000|100%| E|CS|TAMS 0x00000000fcf00000| PB 0x00000000fcf00000| Complete 
|2000|0x00000000fd000000, 0x00000000fd100000, 0x00000000fd100000|100%| E|CS|TAMS 0x00000000fd000000| PB 0x00000000fd000000| Complete 
|2001|0x00000000fd100000, 0x00000000fd200000, 0x00000000fd200000|100%| E|CS|TAMS 0x00000000fd100000| PB 0x00000000fd100000| Complete 
|2002|0x00000000fd200000, 0x00000000fd300000, 0x00000000fd300000|100%| E|CS|TAMS 0x00000000fd200000| PB 0x00000000fd200000| Complete 
|2003|0x00000000fd300000, 0x00000000fd400000, 0x00000000fd400000|100%| E|CS|TAMS 0x00000000fd300000| PB 0x00000000fd300000| Complete 
|2004|0x00000000fd400000, 0x00000000fd500000, 0x00000000fd500000|100%| E|CS|TAMS 0x00000000fd400000| PB 0x00000000fd400000| Complete 
|2005|0x00000000fd500000, 0x00000000fd600000, 0x00000000fd600000|100%| E|CS|TAMS 0x00000000fd500000| PB 0x00000000fd500000| Complete 
|2006|0x00000000fd600000, 0x00000000fd700000, 0x00000000fd700000|100%| E|CS|TAMS 0x00000000fd600000| PB 0x00000000fd600000| Complete 
|2007|0x00000000fd700000, 0x00000000fd800000, 0x00000000fd800000|100%| E|CS|TAMS 0x00000000fd700000| PB 0x00000000fd700000| Complete 
|2008|0x00000000fd800000, 0x00000000fd900000, 0x00000000fd900000|100%| E|CS|TAMS 0x00000000fd800000| PB 0x00000000fd800000| Complete 
|2009|0x00000000fd900000, 0x00000000fda00000, 0x00000000fda00000|100%| E|CS|TAMS 0x00000000fd900000| PB 0x00000000fd900000| Complete 
|2010|0x00000000fda00000, 0x00000000fdb00000, 0x00000000fdb00000|100%| E|CS|TAMS 0x00000000fda00000| PB 0x00000000fda00000| Complete 
|2011|0x00000000fdb00000, 0x00000000fdc00000, 0x00000000fdc00000|100%| O|  |TAMS 0x00000000fdb00000| PB 0x00000000fdb00000| Untracked 
|2012|0x00000000fdc00000, 0x00000000fdd00000, 0x00000000fdd00000|100%| O|  |TAMS 0x00000000fdc00000| PB 0x00000000fdc00000| Untracked 
|2013|0x00000000fdd00000, 0x00000000fde00000, 0x00000000fde00000|100%| E|CS|TAMS 0x00000000fdd00000| PB 0x00000000fdd00000| Complete 
|2014|0x00000000fde00000, 0x00000000fdf00000, 0x00000000fdf00000|100%| O|  |TAMS 0x00000000fde00000| PB 0x00000000fde00000| Untracked 
|2015|0x00000000fdf00000, 0x00000000fe000000, 0x00000000fe000000|100%| O|  |TAMS 0x00000000fdf00000| PB 0x00000000fdf00000| Untracked 
|2016|0x00000000fe000000, 0x00000000fe100000, 0x00000000fe100000|100%| O|  |TAMS 0x00000000fe000000| PB 0x00000000fe000000| Untracked 
|2017|0x00000000fe100000, 0x00000000fe200000, 0x00000000fe200000|100%| O|  |TAMS 0x00000000fe100000| PB 0x00000000fe100000| Untracked 
|2018|0x00000000fe200000, 0x00000000fe300000, 0x00000000fe300000|100%| O|Cm|TAMS 0x00000000fe200000| PB 0x00000000fe200000| Complete 
|2019|0x00000000fe300000, 0x00000000fe400000, 0x00000000fe400000|100%| O|  |TAMS 0x00000000fe300000| PB 0x00000000fe300000| Untracked 
|2020|0x00000000fe400000, 0x00000000fe500000, 0x00000000fe500000|100%| O|  |TAMS 0x00000000fe400000| PB 0x00000000fe400000| Untracked 
|2021|0x00000000fe500000, 0x00000000fe600000, 0x00000000fe600000|100%| O|  |TAMS 0x00000000fe500000| PB 0x00000000fe500000| Untracked 
|2022|0x00000000fe600000, 0x00000000fe700000, 0x00000000fe700000|100%| O|  |TAMS 0x00000000fe600000| PB 0x00000000fe600000| Untracked 
|2023|0x00000000fe700000, 0x00000000fe800000, 0x00000000fe800000|100%| O|  |TAMS 0x00000000fe700000| PB 0x00000000fe700000| Untracked 
|2024|0x00000000fe800000, 0x00000000fe900000, 0x00000000fe900000|100%| E|CS|TAMS 0x00000000fe800000| PB 0x00000000fe800000| Complete 
|2025|0x00000000fe900000, 0x00000000fea00000, 0x00000000fea00000|100%| O|  |TAMS 0x00000000fe900000| PB 0x00000000fe900000| Untracked 
|2026|0x00000000fea00000, 0x00000000feb00000, 0x00000000feb00000|100%| E|CS|TAMS 0x00000000fea00000| PB 0x00000000fea00000| Complete 
|2027|0x00000000feb00000, 0x00000000fec00000, 0x00000000fec00000|100%| E|CS|TAMS 0x00000000feb00000| PB 0x00000000feb00000| Complete 
|2028|0x00000000fec00000, 0x00000000fed00000, 0x00000000fed00000|100%| E|CS|TAMS 0x00000000fec00000| PB 0x00000000fec00000| Complete 
|2029|0x00000000fed00000, 0x00000000fee00000, 0x00000000fee00000|100%| E|CS|TAMS 0x00000000fed00000| PB 0x00000000fed00000| Complete 
|2030|0x00000000fee00000, 0x00000000fef00000, 0x00000000fef00000|100%| E|CS|TAMS 0x00000000fee00000| PB 0x00000000fee00000| Complete 
|2031|0x00000000fef00000, 0x00000000ff000000, 0x00000000ff000000|100%| O|  |TAMS 0x00000000fef00000| PB 0x00000000fef00000| Untracked 
|2032|0x00000000ff000000, 0x00000000ff100000, 0x00000000ff100000|100%| E|CS|TAMS 0x00000000ff000000| PB 0x00000000ff000000| Complete 
|2033|0x00000000ff100000, 0x00000000ff200000, 0x00000000ff200000|100%| E|CS|TAMS 0x00000000ff100000| PB 0x00000000ff100000| Complete 
|2034|0x00000000ff200000, 0x00000000ff300000, 0x00000000ff300000|100%| E|CS|TAMS 0x00000000ff200000| PB 0x00000000ff200000| Complete 
|2035|0x00000000ff300000, 0x00000000ff400000, 0x00000000ff400000|100%| E|CS|TAMS 0x00000000ff300000| PB 0x00000000ff300000| Complete 
|2036|0x00000000ff400000, 0x00000000ff500000, 0x00000000ff500000|100%| E|CS|TAMS 0x00000000ff400000| PB 0x00000000ff400000| Complete 
|2037|0x00000000ff500000, 0x00000000ff600000, 0x00000000ff600000|100%| O|  |TAMS 0x00000000ff500000| PB 0x00000000ff500000| Untracked 
|2038|0x00000000ff600000, 0x00000000ff700000, 0x00000000ff700000|100%| O|  |TAMS 0x00000000ff600000| PB 0x00000000ff600000| Untracked 
|2039|0x00000000ff700000, 0x00000000ff800000, 0x00000000ff800000|100%| O|  |TAMS 0x00000000ff700000| PB 0x00000000ff700000| Untracked 
|2040|0x00000000ff800000, 0x00000000ff900000, 0x00000000ff900000|100%| O|  |TAMS 0x00000000ff800000| PB 0x00000000ff800000| Untracked 
|2041|0x00000000ff900000, 0x00000000ffa00000, 0x00000000ffa00000|100%| O|  |TAMS 0x00000000ff900000| PB 0x00000000ff900000| Untracked 
|2042|0x00000000ffa00000, 0x00000000ffb00000, 0x00000000ffb00000|100%| O|  |TAMS 0x00000000ffa00000| PB 0x00000000ffa00000| Untracked 
|2043|0x00000000ffb00000, 0x00000000ffc00000, 0x00000000ffc00000|100%| O|  |TAMS 0x00000000ffb00000| PB 0x00000000ffb00000| Untracked 
|2044|0x00000000ffc00000, 0x00000000ffd00000, 0x00000000ffd00000|100%| O|  |TAMS 0x00000000ffc00000| PB 0x00000000ffc00000| Untracked 
|2045|0x00000000ffd00000, 0x00000000ffe00000, 0x00000000ffe00000|100%| O|  |TAMS 0x00000000ffd00000| PB 0x00000000ffd00000| Untracked 
|2046|0x00000000ffe00000, 0x00000000fff00000, 0x00000000fff00000|100%| O|  |TAMS 0x00000000ffe00000| PB 0x00000000ffe00000| Untracked 
|2047|0x00000000fff00000, 0x0000000100000000, 0x0000000100000000|100%| O|  |TAMS 0x00000000fff00000| PB 0x00000000fff00000| Untracked 

Card table byte_map: [0x0000020a4fdf0000,0x0000020a501f0000] _byte_map_base: 0x0000020a4f9f0000

Marking Bits: (CMBitMap*) 0x0000020a3d38a220
 Bits: [0x0000020a501f0000, 0x0000020a521f0000)

Polling page: 0x0000020a3cb00000

Metaspace:

Usage:
  Non-class:    152.40 MB used.
      Class:     24.35 MB used.
       Both:    176.75 MB used.

Virtual space:
  Non-class space:      192.00 MB reserved,     153.81 MB ( 80%) committed,  3 nodes.
      Class space:        1.00 GB reserved,      25.75 MB (  3%) committed,  1 nodes.
             Both:        1.19 GB reserved,     179.56 MB ( 15%) committed. 

Chunk freelists:
   Non-Class:  6.20 MB
       Class:  6.10 MB
        Both:  12.30 MB

MaxMetaspaceSize: unlimited
CompressedClassSpaceSize: 1.00 GB
Initial GC threshold: 21.00 MB
Current GC threshold: 297.44 MB
CDS: off
 - commit_granule_bytes: 65536.
 - commit_granule_words: 8192.
 - virtual_space_node_default_size: 8388608.
 - enlarge_chunks_in_place: 1.
 - use_allocation_guard: 0.


Internal statistics:

num_allocs_failed_limit: 6.
num_arena_births: 5686.
num_arena_deaths: 2.
num_vsnodes_births: 4.
num_vsnodes_deaths: 0.
num_space_committed: 2871.
num_space_uncommitted: 0.
num_chunks_returned_to_freelist: 9.
num_chunks_taken_from_freelist: 13555.
num_chunk_merges: 6.
num_chunk_splits: 8889.
num_chunks_enlarged: 5619.
num_inconsistent_stats: 0.

CodeHeap 'non-profiled nmethods': size=120000Kb used=12859Kb max_used=14758Kb free=107140Kb
 bounds [0x0000020a47f70000, 0x0000020a48de0000, 0x0000020a4f4a0000]
CodeHeap 'profiled nmethods': size=120000Kb used=28973Kb max_used=34193Kb free=91026Kb
 bounds [0x0000020a404a0000, 0x0000020a42630000, 0x0000020a479d0000]
CodeHeap 'non-nmethods': size=5760Kb used=2282Kb max_used=2333Kb free=3477Kb
 bounds [0x0000020a479d0000, 0x0000020a47c40000, 0x0000020a47f70000]
CodeCache: size=245760Kb, used=44114Kb, max_used=51284Kb, free=201643Kb
 total_blobs=16602, nmethods=15493, adapters=1012, full_count=0
Compilation: enabled, stopped_count=0, restarted_count=0

Compilation events (20 events):
Event: 59.406 Thread 0x0000020a54fc5d60 nmethod 27364 0x0000020a47fdb890 code [0x0000020a47fdba20, 0x0000020a47fdbae8]
Event: 59.406 Thread 0x0000020a54fc5d60 27365       2       com.google.common.collect.Iterators$6::transform (11 bytes)
Event: 59.406 Thread 0x0000020a54fc5d60 nmethod 27365 0x0000020a40cf0f90 code [0x0000020a40cf1140, 0x0000020a40cf1278]
Event: 59.406 Thread 0x0000020a54fc5d60 27366       2       com.android.builder.internal.packaging.IncrementalPackager$$Lambda/0x000000010199d8c8::apply (8 bytes)
Event: 59.406 Thread 0x0000020a54fc5d60 nmethod 27366 0x0000020a40dcf610 code [0x0000020a40dcf7a0, 0x0000020a40dcf8e0]
Event: 59.406 Thread 0x0000020a54fc5d60 27363       2       com.android.builder.internal.packaging.IncrementalPackager::lambda$addFiles$9 (8 bytes)
Event: 59.407 Thread 0x0000020a54fc5d60 nmethod 27363 0x0000020a4075dc90 code [0x0000020a4075de40, 0x0000020a4075e018]
Event: 59.412 Thread 0x0000020a54fc5d60 27368       2       com.android.zipflinger.Source::<init> (39 bytes)
Event: 59.413 Thread 0x0000020a54fc5d60 nmethod 27368 0x0000020a40769910 code [0x0000020a40769ac0, 0x0000020a40769ce8]
Event: 59.413 Thread 0x0000020a54fc5d60 27369       1       com.android.zipflinger.ZipMap::getEntries (5 bytes)
Event: 59.413 Thread 0x0000020a54fc5d60 nmethod 27369 0x0000020a47fde990 code [0x0000020a47fdeb20, 0x0000020a47fdebe8]
Event: 59.414 Thread 0x0000020a54fc5d60 27370       2       com.android.zipflinger.ZipArchive::writeSource (205 bytes)
Event: 59.418 Thread 0x0000020a54fc5d60 nmethod 27370 0x0000020a40985190 code [0x0000020a40985480, 0x0000020a40985d48]
Event: 59.418 Thread 0x0000020a54fc5d60 27371       2       com.android.zipflinger.Source::isNameDirectory (7 bytes)
Event: 59.418 Thread 0x0000020a54fc5d60 nmethod 27371 0x0000020a40df8610 code [0x0000020a40df87c0, 0x0000020a40df88f8]
Event: 59.418 Thread 0x0000020a54fc5d60 27372       2       com.android.zipflinger.FreeStore$Zone::shrinkBy (97 bytes)
Event: 59.418 Thread 0x0000020a54fc5d60 nmethod 27372 0x0000020a4084f010 code [0x0000020a4084f1e0, 0x0000020a4084f510]
Event: 59.419 Thread 0x0000020a54fc5d60 27373       2       com.android.zipflinger.ZipArchive::add (37 bytes)
Event: 59.421 Thread 0x0000020a54fc5d60 nmethod 27373 0x0000020a40945490 code [0x0000020a409456c0, 0x0000020a40945ce0]
Event: 59.421 Thread 0x0000020a54fc5d60 27374   !   3       java.lang.String::<init> (880 bytes)

GC Heap History (20 events):
Event: 49.836 GC heap before
{Heap before GC invocations=63 (full 0):
 garbage-first heap   total 503808K, used 428430K [0x0000000080000000, 0x0000000100000000)
  region size 1024K, 117 young (119808K), 14 survivors (14336K)
 Metaspace       used 165285K, committed 168064K, reserved 1245184K
  class space    used 22722K, committed 24064K, reserved 1048576K
}
Event: 49.845 GC heap after
{Heap after GC invocations=64 (full 0):
 garbage-first heap   total 503808K, used 330453K [0x0000000080000000, 0x0000000100000000)
  region size 1024K, 8 young (8192K), 8 survivors (8192K)
 Metaspace       used 165285K, committed 168064K, reserved 1245184K
  class space    used 22722K, committed 24064K, reserved 1048576K
}
Event: 50.409 GC heap before
{Heap before GC invocations=65 (full 0):
 garbage-first heap   total 546816K, used 434901K [0x0000000080000000, 0x0000000100000000)
  region size 1024K, 114 young (116736K), 8 survivors (8192K)
 Metaspace       used 166221K, committed 168960K, reserved 1245184K
  class space    used 22815K, committed 24192K, reserved 1048576K
}
Event: 50.417 GC heap after
{Heap after GC invocations=66 (full 0):
 garbage-first heap   total 546816K, used 333824K [0x0000000080000000, 0x0000000100000000)
  region size 1024K, 14 young (14336K), 14 survivors (14336K)
 Metaspace       used 166221K, committed 168960K, reserved 1245184K
  class space    used 22815K, committed 24192K, reserved 1048576K
}
Event: 51.098 GC heap before
{Heap before GC invocations=66 (full 0):
 garbage-first heap   total 546816K, used 468992K [0x0000000080000000, 0x0000000100000000)
  region size 1024K, 147 young (150528K), 14 survivors (14336K)
 Metaspace       used 167135K, committed 169920K, reserved 1245184K
  class space    used 22918K, committed 24256K, reserved 1048576K
}
Event: 51.108 GC heap after
{Heap after GC invocations=67 (full 0):
 garbage-first heap   total 546816K, used 320605K [0x0000000080000000, 0x0000000100000000)
  region size 1024K, 7 young (7168K), 7 survivors (7168K)
 Metaspace       used 167135K, committed 169920K, reserved 1245184K
  class space    used 22918K, committed 24256K, reserved 1048576K
}
Event: 51.167 GC heap before
{Heap before GC invocations=67 (full 0):
 garbage-first heap   total 546816K, used 324701K [0x0000000080000000, 0x0000000100000000)
  region size 1024K, 13 young (13312K), 7 survivors (7168K)
 Metaspace       used 167195K, committed 169984K, reserved 1245184K
  class space    used 22928K, committed 24256K, reserved 1048576K
}
Event: 51.179 GC heap after
{Heap after GC invocations=68 (full 0):
 garbage-first heap   total 546816K, used 320339K [0x0000000080000000, 0x0000000100000000)
  region size 1024K, 6 young (6144K), 6 survivors (6144K)
 Metaspace       used 167195K, committed 169984K, reserved 1245184K
  class space    used 22928K, committed 24256K, reserved 1048576K
}
Event: 52.956 GC heap before
{Heap before GC invocations=69 (full 0):
 garbage-first heap   total 546816K, used 488275K [0x0000000080000000, 0x0000000100000000)
  region size 1024K, 164 young (167936K), 6 survivors (6144K)
 Metaspace       used 168710K, committed 171520K, reserved 1245184K
  class space    used 23134K, committed 24512K, reserved 1048576K
}
Event: 52.969 GC heap after
{Heap after GC invocations=70 (full 0):
 garbage-first heap   total 546816K, used 331636K [0x0000000080000000, 0x0000000100000000)
  region size 1024K, 10 young (10240K), 10 survivors (10240K)
 Metaspace       used 168710K, committed 171520K, reserved 1245184K
  class space    used 23134K, committed 24512K, reserved 1048576K
}
Event: 53.333 GC heap before
{Heap before GC invocations=70 (full 0):
 garbage-first heap   total 546816K, used 494452K [0x0000000080000000, 0x0000000100000000)
  region size 1024K, 166 young (169984K), 10 survivors (10240K)
 Metaspace       used 169582K, committed 172352K, reserved 1245184K
  class space    used 23227K, committed 24576K, reserved 1048576K
}
Event: 53.347 GC heap after
{Heap after GC invocations=71 (full 0):
 garbage-first heap   total 546816K, used 317058K [0x0000000080000000, 0x0000000100000000)
  region size 1024K, 15 young (15360K), 15 survivors (15360K)
 Metaspace       used 169582K, committed 172352K, reserved 1245184K
  class space    used 23227K, committed 24576K, reserved 1048576K
}
Event: 53.562 GC heap before
{Heap before GC invocations=71 (full 0):
 garbage-first heap   total 546816K, used 412290K [0x0000000080000000, 0x0000000100000000)
  region size 1024K, 109 young (111616K), 15 survivors (15360K)
 Metaspace       used 169592K, committed 172352K, reserved 1245184K
  class space    used 23227K, committed 24576K, reserved 1048576K
}
Event: 53.581 GC heap after
{Heap after GC invocations=72 (full 0):
 garbage-first heap   total 546816K, used 320053K [0x0000000080000000, 0x0000000100000000)
  region size 1024K, 15 young (15360K), 15 survivors (15360K)
 Metaspace       used 169592K, committed 172352K, reserved 1245184K
  class space    used 23227K, committed 24576K, reserved 1048576K
}
Event: 57.847 GC heap before
{Heap before GC invocations=73 (full 0):
 garbage-first heap   total 546816K, used 533045K [0x0000000080000000, 0x0000000100000000)
  region size 1024K, 190 young (194560K), 15 survivors (15360K)
 Metaspace       used 171039K, committed 173824K, reserved 1245184K
  class space    used 23400K, committed 24768K, reserved 1048576K
}
Event: 57.856 GC heap after
{Heap after GC invocations=74 (full 0):
 garbage-first heap   total 550912K, used 319749K [0x0000000080000000, 0x0000000100000000)
  region size 1024K, 14 young (14336K), 14 survivors (14336K)
 Metaspace       used 171039K, committed 173824K, reserved 1245184K
  class space    used 23400K, committed 24768K, reserved 1048576K
}
Event: 58.417 GC heap before
{Heap before GC invocations=74 (full 0):
 garbage-first heap   total 550912K, used 515333K [0x0000000080000000, 0x0000000100000000)
  region size 1024K, 204 young (208896K), 14 survivors (14336K)
 Metaspace       used 176744K, committed 179520K, reserved 1245184K
  class space    used 24361K, committed 25728K, reserved 1048576K
}
Event: 58.435 GC heap after
{Heap after GC invocations=75 (full 0):
 garbage-first heap   total 551936K, used 329463K [0x0000000080000000, 0x0000000100000000)
  region size 1024K, 26 young (26624K), 26 survivors (26624K)
 Metaspace       used 176744K, committed 179520K, reserved 1245184K
  class space    used 24361K, committed 25728K, reserved 1048576K
}
Event: 58.657 GC heap before
{Heap before GC invocations=75 (full 0):
 garbage-first heap   total 551936K, used 414455K [0x0000000080000000, 0x0000000100000000)
  region size 1024K, 111 young (113664K), 26 survivors (26624K)
 Metaspace       used 179282K, committed 182080K, reserved 1245184K
  class space    used 24733K, committed 26112K, reserved 1048576K
}
Event: 58.671 GC heap after
{Heap after GC invocations=76 (full 0):
 garbage-first heap   total 551936K, used 333056K [0x0000000080000000, 0x0000000100000000)
  region size 1024K, 6 young (6144K), 6 survivors (6144K)
 Metaspace       used 179282K, committed 182080K, reserved 1245184K
  class space    used 24733K, committed 26112K, reserved 1048576K
}

Dll operation events (3 events):
Event: 0.005 Loaded shared library C:\Program Files\Android\Android Studio\jbr\bin\java.dll
Event: 0.011 Loaded shared library C:\Program Files\Android\Android Studio\jbr\bin\zip.dll
Event: 0.454 Loaded shared library C:\Program Files\Android\Android Studio\jbr\bin\verify.dll

Deoptimization events (20 events):
Event: 59.396 Thread 0x0000020a669afce0 Uncommon trap: trap_request=0xffffff45 fr.pc=0x0000020a48a7b8ac relative=0x000000000000018c
Event: 59.396 Thread 0x0000020a669afce0 Uncommon trap: reason=unstable_if action=reinterpret pc=0x0000020a48a7b8ac method=java.util.concurrent.ForkJoinPool.submissionQueue(I)Ljava/util/concurrent/ForkJoinPool$WorkQueue; @ 55 c2
Event: 59.396 Thread 0x0000020a669afce0 DEOPT PACKING pc=0x0000020a48a7b8ac sp=0x0000004f497fda20
Event: 59.397 Thread 0x0000020a669afce0 DEOPT UNPACKING pc=0x0000020a47a243a2 sp=0x0000004f497fd988 mode 2
Event: 59.407 Thread 0x0000020a66c99f90 Uncommon trap: trap_request=0xffffffc6 fr.pc=0x0000020a48acfb18 relative=0x0000000000000458
Event: 59.407 Thread 0x0000020a66c99f90 Uncommon trap: reason=bimorphic_or_optimized_type_check action=maybe_recompile pc=0x0000020a48acfb18 method=java.util.concurrent.ForkJoinTask$AdaptedInterruptibleCallable.compute()Ljava/lang/Object; @ 4 c2
Event: 59.407 Thread 0x0000020a66c99f90 DEOPT PACKING pc=0x0000020a48acfb18 sp=0x0000004f49afeea0
Event: 59.407 Thread 0x0000020a66c99f90 DEOPT UNPACKING pc=0x0000020a47a243a2 sp=0x0000004f49afee08 mode 2
Event: 59.410 Thread 0x0000020a60f54220 Uncommon trap: trap_request=0xffffffc6 fr.pc=0x0000020a48acfb18 relative=0x0000000000000458
Event: 59.411 Thread 0x0000020a60f54220 Uncommon trap: reason=bimorphic_or_optimized_type_check action=maybe_recompile pc=0x0000020a48acfb18 method=java.util.concurrent.ForkJoinTask$AdaptedInterruptibleCallable.compute()Ljava/lang/Object; @ 4 c2
Event: 59.411 Thread 0x0000020a60f54220 DEOPT PACKING pc=0x0000020a48acfb18 sp=0x0000004f4b0fedc0
Event: 59.412 Thread 0x0000020a6c19e590 Uncommon trap: trap_request=0xffffffc6 fr.pc=0x0000020a48acfb18 relative=0x0000000000000458
Event: 59.412 Thread 0x0000020a6c19e590 Uncommon trap: reason=bimorphic_or_optimized_type_check action=maybe_recompile pc=0x0000020a48acfb18 method=java.util.concurrent.ForkJoinTask$AdaptedInterruptibleCallable.compute()Ljava/lang/Object; @ 4 c2
Event: 59.412 Thread 0x0000020a6c19e590 DEOPT PACKING pc=0x0000020a48acfb18 sp=0x0000004f4b1ff170
Event: 59.412 Thread 0x0000020a6c19e590 DEOPT UNPACKING pc=0x0000020a47a243a2 sp=0x0000004f4b1ff0d8 mode 2
Event: 59.413 Thread 0x0000020a60f54220 DEOPT UNPACKING pc=0x0000020a47a243a2 sp=0x0000004f4b0fed28 mode 2
Event: 59.414 Thread 0x0000020a676fc060 Uncommon trap: trap_request=0xffffffc6 fr.pc=0x0000020a48acfb18 relative=0x0000000000000458
Event: 59.414 Thread 0x0000020a676fc060 Uncommon trap: reason=bimorphic_or_optimized_type_check action=maybe_recompile pc=0x0000020a48acfb18 method=java.util.concurrent.ForkJoinTask$AdaptedInterruptibleCallable.compute()Ljava/lang/Object; @ 4 c2
Event: 59.414 Thread 0x0000020a676fc060 DEOPT PACKING pc=0x0000020a48acfb18 sp=0x0000004f4b2ff460
Event: 59.414 Thread 0x0000020a676fc060 DEOPT UNPACKING pc=0x0000020a47a243a2 sp=0x0000004f4b2ff3c8 mode 2

Classes loaded (20 events):
Event: 59.172 Loading class com/sun/crypto/provider/HmacPKCS12PBECore$HmacPKCS12PBE_SHA256
Event: 59.172 Loading class com/sun/crypto/provider/HmacPKCS12PBECore
Event: 59.173 Loading class com/sun/crypto/provider/HmacPKCS12PBECore done
Event: 59.173 Loading class com/sun/crypto/provider/HmacPKCS12PBECore$HmacPKCS12PBE_SHA256 done
Event: 59.173 Loading class sun/security/util/PBEUtil
Event: 59.173 Loading class sun/security/util/PBEUtil done
Event: 59.173 Loading class com/sun/crypto/provider/PKCS12PBECipherCore
Event: 59.176 Loading class com/sun/crypto/provider/PKCS12PBECipherCore done
Event: 59.185 Loading class sun/security/tools/KeyStoreUtil
Event: 59.187 Loading class sun/security/tools/KeyStoreUtil done
Event: 59.197 Loading class java/security/KeyStore$PasswordProtection
Event: 59.197 Loading class java/security/KeyStore$PasswordProtection done
Event: 59.198 Loading class sun/security/pkcs/EncryptedPrivateKeyInfo
Event: 59.198 Loading class sun/security/pkcs/EncryptedPrivateKeyInfo done
Event: 59.220 Loading class java/security/KeyStore$PrivateKeyEntry
Event: 59.220 Loading class java/security/KeyStore$Entry
Event: 59.220 Loading class java/security/KeyStore$Entry done
Event: 59.220 Loading class java/security/KeyStore$PrivateKeyEntry done
Event: 59.303 Loading class java/security/cert/CertificateEncodingException
Event: 59.304 Loading class java/security/cert/CertificateEncodingException done

Classes unloaded (1 events):
Event: 50.051 Thread 0x0000020a54e86040 Unloading class 0x00000001015fc000 'java/lang/invoke/LambdaForm$DMH+0x00000001015fc000'

Classes redefined (0 events):
No events

Internal exceptions (20 events):
Event: 59.296 Thread 0x0000020a669afce0 Exception <a 'sun/nio/fs/WindowsException'{0x000000009afb3ae8}> (0x000000009afb3ae8) 
thrown [s\src\hotspot\share\prims\jni.cpp, line 537]
Event: 59.297 Thread 0x0000020a669afce0 Exception <a 'sun/nio/fs/WindowsException'{0x000000009afb9be0}> (0x000000009afb9be0) 
thrown [s\src\hotspot\share\prims\jni.cpp, line 537]
Event: 59.297 Thread 0x0000020a669afce0 Exception <a 'sun/nio/fs/WindowsException'{0x000000009afc0ad8}> (0x000000009afc0ad8) 
thrown [s\src\hotspot\share\prims\jni.cpp, line 537]
Event: 59.299 Thread 0x0000020a669afce0 Exception <a 'sun/nio/fs/WindowsException'{0x000000009afceeb8}> (0x000000009afceeb8) 
thrown [s\src\hotspot\share\prims\jni.cpp, line 537]
Event: 59.308 Thread 0x0000020a669afce0 Exception <a 'sun/nio/fs/WindowsException'{0x000000009afed5e0}> (0x000000009afed5e0) 
thrown [s\src\hotspot\share\prims\jni.cpp, line 537]
Event: 59.331 Thread 0x0000020a669afce0 Exception <a 'sun/nio/fs/WindowsException'{0x000000009affeea8}> (0x000000009affeea8) 
thrown [s\src\hotspot\share\prims\jni.cpp, line 537]
Event: 59.383 Thread 0x0000020a669afce0 Exception <a 'sun/nio/fs/WindowsException'{0x000000009ae508c0}> (0x000000009ae508c0) 
thrown [s\src\hotspot\share\prims\jni.cpp, line 537]
Event: 59.386 Thread 0x0000020a669afce0 Exception <a 'sun/nio/fs/WindowsException'{0x000000009ae56468}> (0x000000009ae56468) 
thrown [s\src\hotspot\share\prims\jni.cpp, line 537]
Event: 59.386 Thread 0x0000020a669afce0 Exception <a 'sun/nio/fs/WindowsException'{0x000000009ae5bf28}> (0x000000009ae5bf28) 
thrown [s\src\hotspot\share\prims\jni.cpp, line 537]
Event: 59.394 Thread 0x0000020a669afce0 Exception <a 'sun/nio/fs/WindowsException'{0x000000009ae64b60}> (0x000000009ae64b60) 
thrown [s\src\hotspot\share\prims\jni.cpp, line 537]
Event: 59.395 Thread 0x0000020a669afce0 Exception <a 'sun/nio/fs/WindowsException'{0x000000009ae6db70}> (0x000000009ae6db70) 
thrown [s\src\hotspot\share\prims\jni.cpp, line 537]
Event: 59.395 Thread 0x0000020a669afce0 Exception <a 'sun/nio/fs/WindowsException'{0x000000009ae74d98}> (0x000000009ae74d98) 
thrown [s\src\hotspot\share\prims\jni.cpp, line 537]
Event: 59.396 Thread 0x0000020a669afce0 Implicit null exception at 0x0000020a48a7b787 to 0x0000020a48a7b888
Event: 59.403 Thread 0x0000020a669afce0 Exception <a 'sun/nio/fs/WindowsException'{0x000000009aeb3648}> (0x000000009aeb3648) 
thrown [s\src\hotspot\share\prims\jni.cpp, line 537]
Event: 59.404 Thread 0x0000020a669afce0 Exception <a 'sun/nio/fs/WindowsException'{0x000000009aebbd40}> (0x000000009aebbd40) 
thrown [s\src\hotspot\share\prims\jni.cpp, line 537]
Event: 59.408 Thread 0x0000020a669afce0 Exception <a 'sun/nio/fs/WindowsException'{0x000000009aede8d0}> (0x000000009aede8d0) 
thrown [s\src\hotspot\share\prims\jni.cpp, line 537]
Event: 59.409 Thread 0x0000020a669afce0 Exception <a 'sun/nio/fs/WindowsException'{0x000000009aeeb680}> (0x000000009aeeb680) 
thrown [s\src\hotspot\share\prims\jni.cpp, line 537]
Event: 59.410 Thread 0x0000020a669afce0 Exception <a 'sun/nio/fs/WindowsException'{0x000000009aef2810}> (0x000000009aef2810) 
thrown [s\src\hotspot\share\prims\jni.cpp, line 537]
Event: 59.411 Thread 0x0000020a66c99f90 Exception <a 'sun/nio/fs/WindowsException'{0x000000009ad02268}> (0x000000009ad02268) 
thrown [s\src\hotspot\share\prims\jni.cpp, line 537]
Event: 59.413 Thread 0x0000020a66c99f90 Exception <a 'sun/nio/fs/WindowsException'{0x000000009ad07168}> (0x000000009ad07168) 
thrown [s\src\hotspot\share\prims\jni.cpp, line 537]

ZGC Phase Switch (0 events):
No events

VM Operations (20 events):
Event: 58.657 Executing safepoint VM operation: G1TryInitiateConcMark (G1 Humongous Allocation)
Event: 58.671 Executing safepoint VM operation: G1TryInitiateConcMark (G1 Humongous Allocation) done
Event: 58.697 Executing non-safepoint VM operation: HandshakeAllThreads (Deoptimize)
Event: 58.698 Executing non-safepoint VM operation: HandshakeAllThreads (Deoptimize) done
Event: 58.732 Executing non-safepoint VM operation: HandshakeAllThreads (Deoptimize)
Event: 58.733 Executing non-safepoint VM operation: HandshakeAllThreads (Deoptimize) done
Event: 58.742 Executing non-safepoint VM operation: HandshakeAllThreads (Deoptimize)
Event: 58.742 Executing non-safepoint VM operation: HandshakeAllThreads (Deoptimize) done
Event: 58.747 Executing non-safepoint VM operation: HandshakeAllThreads (Deoptimize)
Event: 58.748 Executing non-safepoint VM operation: HandshakeAllThreads (Deoptimize) done
Event: 58.763 Executing non-safepoint VM operation: HandshakeAllThreads (Deoptimize)
Event: 58.763 Executing non-safepoint VM operation: HandshakeAllThreads (Deoptimize) done
Event: 58.821 Executing safepoint VM operation: ICBufferFull
Event: 58.822 Executing safepoint VM operation: ICBufferFull done
Event: 58.822 Executing non-safepoint VM operation: HandshakeAllThreads (Deoptimize)
Event: 58.823 Executing non-safepoint VM operation: HandshakeAllThreads (Deoptimize) done
Event: 58.824 Executing safepoint VM operation: G1PauseRemark
Event: 58.838 Executing safepoint VM operation: G1PauseRemark done
Event: 58.933 Executing safepoint VM operation: G1PauseCleanup
Event: 58.933 Executing safepoint VM operation: G1PauseCleanup done

Memory protections (0 events):
No events

Nmethod flushes (20 events):
Event: 58.834 Thread 0x0000020a54e86040 flushing  nmethod 0x0000020a41e83690
Event: 58.834 Thread 0x0000020a54e86040 flushing  nmethod 0x0000020a41e83f90
Event: 58.834 Thread 0x0000020a54e86040 flushing  nmethod 0x0000020a41f05990
Event: 58.834 Thread 0x0000020a54e86040 flushing  nmethod 0x0000020a41f05e10
Event: 58.834 Thread 0x0000020a54e86040 flushing  nmethod 0x0000020a41f06a10
Event: 58.834 Thread 0x0000020a54e86040 flushing  nmethod 0x0000020a41f08290
Event: 58.834 Thread 0x0000020a54e86040 flushing  nmethod 0x0000020a41f09410
Event: 58.834 Thread 0x0000020a54e86040 flushing  nmethod 0x0000020a41f0c410
Event: 58.834 Thread 0x0000020a54e86040 flushing  nmethod 0x0000020a41f0ea90
Event: 58.834 Thread 0x0000020a54e86040 flushing  nmethod 0x0000020a41f0f990
Event: 58.834 Thread 0x0000020a54e86040 flushing  nmethod 0x0000020a41f82790
Event: 58.834 Thread 0x0000020a54e86040 flushing  nmethod 0x0000020a41f83610
Event: 58.834 Thread 0x0000020a54e86040 flushing  nmethod 0x0000020a41f87a10
Event: 58.834 Thread 0x0000020a54e86040 flushing  nmethod 0x0000020a4203cd10
Event: 58.834 Thread 0x0000020a54e86040 flushing  nmethod 0x0000020a42043510
Event: 58.834 Thread 0x0000020a54e86040 flushing  nmethod 0x0000020a42044190
Event: 58.834 Thread 0x0000020a54e86040 flushing  nmethod 0x0000020a42048410
Event: 58.834 Thread 0x0000020a54e86040 flushing  nmethod 0x0000020a4223f410
Event: 58.834 Thread 0x0000020a54e86040 flushing  nmethod 0x0000020a42262810
Event: 58.834 Thread 0x0000020a54e86040 flushing  nmethod 0x0000020a4235d490

Events (20 events):
Event: 45.646 Thread 0x0000020a66cc9f00 Thread added: 0x0000020a66cd1520
Event: 45.646 Thread 0x0000020a66cd1520 Thread added: 0x0000020a66cca590
Event: 45.647 Thread 0x0000020a66cca590 Thread added: 0x0000020a66cd28d0
Event: 45.648 Thread 0x0000020a66cd28d0 Thread added: 0x0000020a66cd6a70
Event: 51.562 Thread 0x0000020a5f873f60 Thread exited: 0x0000020a5f873f60
Event: 52.847 Thread 0x0000020a5df8c7a0 Thread added: 0x0000020a6c259200
Event: 53.709 Thread 0x0000020a66ccccf0 Thread added: 0x0000020a6d818810
Event: 53.835 Thread 0x0000020a66ccccf0 Thread added: 0x0000020a6d818ea0
Event: 53.835 Thread 0x0000020a66ccccf0 Thread added: 0x0000020a6d819530
Event: 54.848 Thread 0x0000020a66ccb2b0 Thread exited: 0x0000020a66ccb2b0
Event: 54.875 Thread 0x0000020a5f7ec400 Thread exited: 0x0000020a5f7ec400
Event: 55.973 Thread 0x0000020a54fc5d60 Thread added: 0x0000020a6e71cd90
Event: 57.268 Thread 0x0000020a6e71cd90 Thread exited: 0x0000020a6e71cd90
Event: 57.793 Thread 0x0000020a54fc5d60 Thread added: 0x0000020a6e7211b0
Event: 57.998 Thread 0x0000020a5e589b00 Thread added: 0x0000020a669afce0
Event: 58.843 Thread 0x0000020a6100c490 Thread exited: 0x0000020a6100c490
Event: 59.398 Thread 0x0000020a669afce0 Thread added: 0x0000020a66c99f90
Event: 59.407 Thread 0x0000020a66c99f90 Thread added: 0x0000020a60f54220
Event: 59.410 Thread 0x0000020a60f54220 Thread added: 0x0000020a6c19e590
Event: 59.412 Thread 0x0000020a6c19e590 Thread added: 0x0000020a676fc060


Dynamic libraries:
0x00007ff7f7430000 - 0x00007ff7f743a000 	C:\Program Files\Android\Android Studio\jbr\bin\java.exe
0x00007ff8f7c90000 - 0x00007ff8f7e88000 	C:\Windows\SYSTEM32\ntdll.dll
0x00007ff8f6250000 - 0x00007ff8f6312000 	C:\Windows\System32\KERNEL32.DLL
0x00007ff8f5750000 - 0x00007ff8f5a46000 	C:\Windows\System32\KERNELBASE.dll
0x00007ff8f5ad0000 - 0x00007ff8f5bd0000 	C:\Windows\System32\ucrtbase.dll
0x00007ff8dd610000 - 0x00007ff8dd62b000 	C:\Program Files\Android\Android Studio\jbr\bin\VCRUNTIME140.dll
0x00007ff8c8a80000 - 0x00007ff8c8a98000 	C:\Program Files\Android\Android Studio\jbr\bin\jli.dll
0x00007ff8f6680000 - 0x00007ff8f6821000 	C:\Windows\System32\USER32.dll
0x00007ff8f4980000 - 0x00007ff8f4c1b000 	C:\Windows\WinSxS\amd64_microsoft.windows.common-controls_6595b64144ccf1df_6.0.19041.6456_none_60b8a6cb71f64256\COMCTL32.dll
0x00007ff8f53b0000 - 0x00007ff8f53d2000 	C:\Windows\System32\win32u.dll
0x00007ff8f7b00000 - 0x00007ff8f7b9e000 	C:\Windows\System32\msvcrt.dll
0x00007ff8f63c0000 - 0x00007ff8f63eb000 	C:\Windows\System32\GDI32.dll
0x00007ff8f5540000 - 0x00007ff8f5659000 	C:\Windows\System32\gdi32full.dll
0x00007ff8f5660000 - 0x00007ff8f56fd000 	C:\Windows\System32\msvcp_win.dll
0x00007ff8f71e0000 - 0x00007ff8f720f000 	C:\Windows\System32\IMM32.DLL
0x00007ff8dd630000 - 0x00007ff8dd63c000 	C:\Program Files\Android\Android Studio\jbr\bin\vcruntime140_1.dll
0x00007ff8b0b40000 - 0x00007ff8b0bcd000 	C:\Program Files\Android\Android Studio\jbr\bin\msvcp140.dll
0x00007ff89d1b0000 - 0x00007ff89de46000 	C:\Program Files\Android\Android Studio\jbr\bin\server\jvm.dll
0x00007ff8f6a30000 - 0x00007ff8f6ae1000 	C:\Windows\System32\ADVAPI32.dll
0x00007ff8f79f0000 - 0x00007ff8f7a8f000 	C:\Windows\System32\sechost.dll
0x00007ff8f6910000 - 0x00007ff8f6a30000 	C:\Windows\System32\RPCRT4.dll
0x00007ff8f5bd0000 - 0x00007ff8f5bf7000 	C:\Windows\System32\bcrypt.dll
0x00007ff8f7980000 - 0x00007ff8f79eb000 	C:\Windows\System32\WS2_32.dll
0x00007ff8f4f10000 - 0x00007ff8f4f5b000 	C:\Windows\SYSTEM32\POWRPROF.dll
0x00007ff8e8d80000 - 0x00007ff8e8da7000 	C:\Windows\SYSTEM32\WINMM.dll
0x00007ff8f3000000 - 0x00007ff8f300a000 	C:\Windows\SYSTEM32\VERSION.dll
0x00007ff8f4c20000 - 0x00007ff8f4c32000 	C:\Windows\SYSTEM32\UMPDC.dll
0x00007ff8f22e0000 - 0x00007ff8f22f2000 	C:\Windows\SYSTEM32\kernel.appcore.dll
0x00007ff8dc020000 - 0x00007ff8dc02a000 	C:\Program Files\Android\Android Studio\jbr\bin\jimage.dll
0x00007ff8f4d00000 - 0x00007ff8f4f01000 	C:\Windows\SYSTEM32\DBGHELP.DLL
0x00007ff8f4c40000 - 0x00007ff8f4c74000 	C:\Windows\SYSTEM32\dbgcore.DLL
0x00007ff8f5320000 - 0x00007ff8f53a2000 	C:\Windows\System32\bcryptPrimitives.dll
0x00007ff8ef2d0000 - 0x00007ff8ef2de000 	C:\Program Files\Android\Android Studio\jbr\bin\instrument.dll
0x00007ff8c10a0000 - 0x00007ff8c10c0000 	C:\Program Files\Android\Android Studio\jbr\bin\java.dll
0x00007ff8be470000 - 0x00007ff8be488000 	C:\Program Files\Android\Android Studio\jbr\bin\zip.dll
0x00007ff8f7210000 - 0x00007ff8f7980000 	C:\Windows\System32\SHELL32.dll
0x00007ff8f2500000 - 0x00007ff8f2ca5000 	C:\Windows\SYSTEM32\windows.storage.dll
0x00007ff8f6e80000 - 0x00007ff8f71d4000 	C:\Windows\System32\combase.dll
0x00007ff8f44e0000 - 0x00007ff8f450b000 	C:\Windows\SYSTEM32\Wldp.dll
0x00007ff8f6470000 - 0x00007ff8f653d000 	C:\Windows\System32\OLEAUT32.dll
0x00007ff8f6b00000 - 0x00007ff8f6bad000 	C:\Windows\System32\SHCORE.dll
0x00007ff8f6620000 - 0x00007ff8f667b000 	C:\Windows\System32\shlwapi.dll
0x00007ff8f5250000 - 0x00007ff8f5274000 	C:\Windows\SYSTEM32\profapi.dll
0x00007ff8dc010000 - 0x00007ff8dc020000 	C:\Program Files\Android\Android Studio\jbr\bin\net.dll
0x00007ff8f0bb0000 - 0x00007ff8f0cba000 	C:\Windows\SYSTEM32\WINHTTP.dll
0x00007ff8f4550000 - 0x00007ff8f45ba000 	C:\Windows\system32\mswsock.dll
0x00007ff8be2b0000 - 0x00007ff8be2c6000 	C:\Program Files\Android\Android Studio\jbr\bin\nio.dll
0x00007ff8c1090000 - 0x00007ff8c10a0000 	C:\Program Files\Android\Android Studio\jbr\bin\verify.dll
0x00007ff8dbfc0000 - 0x00007ff8dbfe7000 	C:\Users\ssrry\.gradle\native\1def1411415f61bf3af743bc5b6707747c0891f09f0c88961ee8f79bc544acac\windows-amd64\native-platform.dll
0x00007ff8b4d80000 - 0x00007ff8b4df7000 	C:\Users\ssrry\.gradle\native\0.2.8\x86_64-windows-gnu\gradle-fileevents.dll
0x00007ff8c50d0000 - 0x00007ff8c50d9000 	C:\Program Files\Android\Android Studio\jbr\bin\management.dll
0x00007ff8c5050000 - 0x00007ff8c505b000 	C:\Program Files\Android\Android Studio\jbr\bin\management_ext.dll
0x00007ff8f7af0000 - 0x00007ff8f7af8000 	C:\Windows\System32\PSAPI.DLL
0x00007ff8f4060000 - 0x00007ff8f409b000 	C:\Windows\SYSTEM32\IPHLPAPI.DLL
0x00007ff8f63b0000 - 0x00007ff8f63b8000 	C:\Windows\System32\NSI.dll
0x00007ff8c8a50000 - 0x00007ff8c8a59000 	C:\Program Files\Android\Android Studio\jbr\bin\extnet.dll
0x00007ff8f5090000 - 0x00007ff8f50a8000 	C:\Windows\SYSTEM32\CRYPTSP.dll
0x00007ff8f3cd0000 - 0x00007ff8f3d08000 	C:\Windows\system32\rsaenh.dll
0x00007ff8f5210000 - 0x00007ff8f523e000 	C:\Windows\SYSTEM32\USERENV.dll
0x00007ff8f4660000 - 0x00007ff8f466c000 	C:\Windows\SYSTEM32\CRYPTBASE.dll
0x00007ff8c5970000 - 0x00007ff8c5977000 	C:\Windows\system32\wshunix.dll
0x00007ff8f40a0000 - 0x00007ff8f416a000 	C:\Windows\SYSTEM32\DNSAPI.dll
0x00007ff8ef210000 - 0x00007ff8ef21a000 	C:\Windows\System32\rasadhlp.dll
0x00007ff8eec60000 - 0x00007ff8eece0000 	C:\Windows\System32\fwpuclnt.dll
0x00007ff8f5050000 - 0x00007ff8f5083000 	C:\Windows\SYSTEM32\ntmarta.dll
0x00007ff8dc0f0000 - 0x00007ff8dc0f7000 	C:\Program Files\Android\Android Studio\jbr\bin\rmi.dll
0x00007ff8ee860000 - 0x00007ff8ee8f4000 	C:\Windows\system32\apphelp.dll

JVMTI agents:
C:\Users\ssrry\.gradle\wrapper\dists\gradle-9.1.0-bin\9agqghryom9wkf8r80qlhnts3\gradle-9.1.0\lib\agents\gradle-instrumentation-agent-9.1.0.jar path:C:\Program Files\Android\Android Studio\jbr\bin\instrument.dll, loaded, initialized, instrumentlib options:none

dbghelp: loaded successfully - version: 4.0.5 - missing functions: none
symbol engine: initialized successfully - sym options: 0x614 - pdb path: .;C:\Program Files\Android\Android Studio\jbr\bin;C:\Windows\SYSTEM32;C:\Windows\WinSxS\amd64_microsoft.windows.common-controls_6595b64144ccf1df_6.0.19041.6456_none_60b8a6cb71f64256;C:\Program Files\Android\Android Studio\jbr\bin\server;C:\Users\ssrry\.gradle\native\1def1411415f61bf3af743bc5b6707747c0891f09f0c88961ee8f79bc544acac\windows-amd64;C:\Users\ssrry\.gradle\native\0.2.8\x86_64-windows-gnu

VM Arguments:
jvm_args: --add-opens=java.base/java.lang=ALL-UNNAMED --add-opens=java.base/java.lang.invoke=ALL-UNNAMED --add-opens=java.base/java.util=ALL-UNNAMED --add-opens=java.prefs/java.util.prefs=ALL-UNNAMED --add-exports=jdk.compiler/com.sun.tools.javac.api=ALL-UNNAMED --add-exports=jdk.compiler/com.sun.tools.javac.util=ALL-UNNAMED --add-opens=java.base/java.util=ALL-UNNAMED --add-opens=java.prefs/java.util.prefs=ALL-UNNAMED --add-opens=java.base/java.nio.charset=ALL-UNNAMED --add-opens=java.base/java.net=ALL-UNNAMED --add-opens=java.base/java.util.concurrent=ALL-UNNAMED --add-opens=java.base/java.util.concurrent.atomic=ALL-UNNAMED --add-opens=java.xml/javax.xml.namespace=ALL-UNNAMED --add-opens=java.base/java.time=ALL-UNNAMED -Xmx2048m -Dfile.encoding=UTF-8 -Duser.country=RU -Duser.language=ru -Duser.variant -javaagent:C:\Users\ssrry\.gradle\wrapper\dists\gradle-9.1.0-bin\9agqghryom9wkf8r80qlhnts3\gradle-9.1.0\lib\agents\gradle-instrumentation-agent-9.1.0.jar 
java_command: org.gradle.launcher.daemon.bootstrap.GradleDaemon 9.1.0
java_class_path (initial): C:\Users\ssrry\.gradle\wrapper\dists\gradle-9.1.0-bin\9agqghryom9wkf8r80qlhnts3\gradle-9.1.0\lib\gradle-daemon-main-9.1.0.jar
Launcher Type: SUN_STANDARD

[Global flags]
     intx CICompilerCount                          = 4                                         {product} {ergonomic}
     uint ConcGCThreads                            = 3                                         {product} {ergonomic}
     uint G1ConcRefinementThreads                  = 10                                        {product} {ergonomic}
   size_t G1HeapRegionSize                         = 1048576                                   {product} {ergonomic}
    uintx GCDrainStackTargetSize                   = 64                                        {product} {ergonomic}
   size_t InitialHeapSize                          = 255852544                                 {product} {ergonomic}
   size_t MarkStackSize                            = 4194304                                   {product} {ergonomic}
   size_t MaxHeapSize                              = 2147483648                                {product} {command line}
   size_t MaxNewSize                               = 1287651328                                {product} {ergonomic}
   size_t MinHeapDeltaBytes                        = 1048576                                   {product} {ergonomic}
   size_t MinHeapSize                              = 8388608                                   {product} {ergonomic}
    uintx NonNMethodCodeHeapSize                   = 5839372                                {pd product} {ergonomic}
    uintx NonProfiledCodeHeapSize                  = 122909434                              {pd product} {ergonomic}
    uintx ProfiledCodeHeapSize                     = 122909434                              {pd product} {ergonomic}
    uintx ReservedCodeCacheSize                    = 251658240                              {pd product} {ergonomic}
     bool SegmentedCodeCache                       = true                                      {product} {ergonomic}
   size_t SoftMaxHeapSize                          = 2147483648                             {manageable} {ergonomic}
     bool UseCompressedOops                        = true                           {product lp64_product} {ergonomic}
     bool UseG1GC                                  = true                                      {product} {ergonomic}
     bool UseLargePagesIndividualAllocation        = false                                  {pd product} {ergonomic}

Logging:
Log output configuration:
 #0: stdout all=warning uptime,level,tags foldmultilines=false
 #1: stderr all=off uptime,level,tags foldmultilines=false

Release file:
JAVA_VERSION="21.0.10" 
MODULES="java.base java.compiler java.datatransfer java.xml java.prefs java.desktop java.instrument java.logging java.management java.security.sasl java.naming java.rmi java.management.rmi java.net.http java.scripting java.security.jgss java.transaction.xa java.sql java.sql.rowset java.xml.crypto java.se java.smartcardio jdk.accessibility jdk.internal.jvmstat jdk.attach jdk.charsets jdk.internal.opt jdk.zipfs jdk.compiler jdk.crypto.ec jdk.crypto.cryptoki jdk.dynalink jdk.hotspot.agent jdk.httpserver jdk.internal.ed jdk.internal.le jdk.internal.vm.ci jdk.jartool jdk.javadoc jdk.jcmd jdk.jdeps jdk.jdwp.agent jdk.jdi jdk.jfr jdk.jlink jdk.jsobject jdk.localedata jdk.management jdk.management.agent jdk.management.jfr jdk.naming.dns jdk.naming.rmi jdk.net jdk.sctp jdk.security.auth jdk.security.jgss jdk.unsupported jdk.unsupported.desktop jdk.xml.dom" 
IMPLEMENTOR="JetBrains s.r.o." 
JAVA_RUNTIME_VERSION="21.0.10+-14961533-b1163.108" 
LIBC="default" 
OS_ARCH="x86_64" 
OS_NAME="Windows" 
SOURCE=".:git:1351622c2ff2" 

Environment Variables:
JAVA_HOME=C:\Users\ssrry\oracleJdk-25
PATH=D:\Oracle\WINDOWS.X64_193000_db_home\bin;C:\Program Files\Microsoft SDKs\Azure\CLI2\wbin;C:\Program Files\Zulu\zulu-21\bin\;C:\Windows\system32;C:\Windows;C:\Windows\System32\Wbem;C:\Windows\System32\WindowsPowerShell\v1.0\;C:\Windows\System32\OpenSSH\;C:\Program Files\Git\cmd;C:\Users\ssrry\oracleJdk-25\bin;C:\Program Files\nodejs\;C:\Program Files (x86)\NVIDIA Corporation\PhysX\Common;C:\Program Files\NVIDIA Corporation\NVIDIA NvDLISR;C:\Users\ssrry\AppData\Local\Programs\Python\Python310\Scripts\;C:\Users\ssrry\AppData\Local\Programs\Python\Python310\;C:\Users\ssrry\AppData\Local\Microsoft\WindowsApps;C:\Users\ssrry\AppData\Local\GitHubDesktop\bin;C:\Users\ssrry\AppData\Local\Programs\Microsoft VS Code\bin;C:\Users\ssrry\AppData\Local\Python\bin;C:\Users\ssrry\AppData\Roaming\npm
USERNAME=ssrry
OS=Windows_NT
PROCESSOR_IDENTIFIER=AMD64 Family 25 Model 68 Stepping 1, AuthenticAMD
TMP=C:\Users\ssrry\AppData\Local\Temp
TEMP=C:\Users\ssrry\AppData\Local\Temp




Periodic native trim disabled

JNI global refs:
JNI global refs: 31, weak refs: 79

JNI global refs memory usage: 835, weak refs: 1465

Process memory usage:
Resident Set Size: 902864K (5% of 15930392K total physical memory with 372420K free physical memory)

OOME stack traces (most recent first):
Classloader memory used:
Loader org.gradle.internal.classloader.VisitableURLClassLoader$InstrumentingVisitableURLClassLoader: 67260K
Loader org.gradle.internal.classloader.VisitableURLClassLoader                         : 49591K
Loader bootstrap                                                                       : 36543K
Loader org.gradle.initialization.MixInLegacyTypesClassLoader                           : 14479K
Loader org.gradle.internal.classloader.VisitableURLClassLoader                         : 8554K
Loader java.net.URLClassLoader                                                         : 2492K
Loader jdk.internal.reflect.DelegatingClassLoader                                      : 1201K
Loader jdk.internal.loader.ClassLoaders$PlatformClassLoader                            : 482K
Loader jdk.internal.loader.ClassLoaders$AppClassLoader                                 : 232K
Loader org.gradle.groovy.scripts.internal.DefaultScriptCompilationHandler$ScriptClassLoader: 207K
Loader sun.reflect.misc.MethodUtil                                                     : 2984B


[error occurred during error reporting (Classloader stats), id 0xe0000001, Out of Memory Error (s\src\hotspot\share\memory\arena.cpp:168)]
---------------  S Y S T E M  ---------------

OS:
 Windows 10 , 64 bit Build 19041 (10.0.19041.5915)
OS uptime: 0 days 3:51 hours
Hyper-V role detected

CPU: total 12 (initial active 12) (12 cores per cpu, 2 threads per core) family 25 model 68 stepping 1 microcode 0x0, cx8, cmov, fxsr, ht, mmx, 3dnowpref, sse, sse2, sse3, ssse3, sse4a, sse4.1, sse4.2, popcnt, lzcnt, tsc, tscinvbit, avx, avx2, aes, erms, clmul, bmi1, bmi2, adx, sha, fma, vzeroupper, clflush, clflushopt, hv, rdtscp, rdpid, fsrm, f16c, cet_ss
Processor Information for the first 12 processors :
  Max Mhz: 3301, Current Mhz: 3301, Mhz Limit: 3301

Memory: 4k page, system-wide physical 15557M (357M free)
TotalPageFile size 34260M (AvailPageFile size 0M)
current process WorkingSet (physical memory assigned to process): 886M, peak: 900M
current process commit charge ("private bytes"): 1078M, peak: 1085M

vm_info: OpenJDK 64-Bit Server VM (21.0.10+-14961533-b1163.108) for windows-amd64 JRE (21.0.10+-14961533-b1163.108), built on 2026-03-02T19:58:50Z by "builder" with MS VC++ 16.10 / 16.11 (VS2019)

END.
